product_name,prep,yake,tfidf,pmi,mle,dice,count,merged,vlt5,Google,BigScience,Facebook,Bode,keybert
"Notebook Asus Vivobook Max X541NA-GO472T Intel Celeron Quad Core 4GB 500GB Tela LED 15,6"" Windows - 10 Branco",notebook asus vivobook max x541na go472t intel celeron quad core 4gb 500gb tela led 15 6 windows 10 branco,"['notebook', 'asus', 'quad', 'core', 'tela', 'led', 'windows', 'branco']","['notebook', 'asus', 'x541na', 'led', '10', 'branco']",['notebook'],"['asus', 'quad', 'core', 'tela', 'led', '6', '10', 'branco']",['notebook'],"['asus', 'quad', 'core', 'tela', 'led', '6', '10', 'branco']","['6', 'windows', 'branco', 'quad', 'asus', 'notebook', 'x541na', '10', 'led', 'tela', 'core']","Asus Vivobook Max, Windows 10 Branco, Windows 10 Branco, Windows 10","asus, core, gb, tela, vivobook, window"," Asus Vivobook Max X541NA-GO472T Intel Celeron Quad Core 4GB 500GB Tela LED 15,6"" Windows - 10 Branco"," I'm not sure what you mean by ""The list"" but I can tell you that the list of most important items on the list is: "," 

[Notebook, Asus, Vivobook, Max, X541NA-GO472T, Intel, Celeron, Quad, Core, 4GB, 500GB, Tela, LED, 15,6"", Windows, 10, Branco]

Note: A frase é traduzida para o português e a lista de palavras é traduzida para o português. A frase é traduzida para o port","['notebook', 'asus', 'vivobook', 'max', 'x541na', 'go472t', 'intel', 'celeron', 'quad', 'core', '4gb', '500gb', 'tela', 'led', 'windows']"
Copo Acrílico Com Canudo 500ml Rocie,copo acrilico canudo 500ml rocie,['copo'],[],[],[],[],[],['copo'],"Copo Acrílico, Copo Acrílico, Copo Acríli","acilico, canudo, com, rocie"," Rocie, 500ml, Com, Canudo, Acrílico, Copo, Rocie, Copo, Acrílico, Com, Canudo, 500ml"," Do you know that the word ""copo"" means ""little armoured one"" in Spanish?"," 

1. Copo Acrílico
2. Com Canudo
3. 500ml
4. Rocie
","['com', 'canudo']"
Panela de Pressão Elétrica Philips Walita Daily 5L com Timer,panela pressao eletrica philips walita daily 5l timer,"['eletrica', 'philips']","['eletrica', 'philips', 'walita']",[],['eletrica'],[],['eletrica'],"['philips', 'walita', 'eletrica']","Panela de Pressão Elétrica Philips Walita Daily, Panela","presso, panela, philips, timer"," ['Panela de Pressão Elétrica', 'Philips Walita', 'Daily 5L']"," I'm not sure what you are trying to say, but I do know that the word ""answer"" means ""little armoured one"" in Spanish."," 

Panela de Pressão, Elétrico, Philips, Walita, Daily, 5L, Timer.
","['panela', 'philips', '5l', 'com', 'timer']"
Betoneira Columbus - Roma Brinquedos,betoneira columbus roma brinquedos,['brinquedos'],['brinquedos'],[],[],[],[],['brinquedos'],"Betoneira Columbus, Roma Brinquedos, Roma Brinquedos, Roma Br","brinquedos, columbus, roma"," ['Betoneira','Columbus','Roma','Brinquedos']"," I'm not sure what you are trying to say, but the list of most important words is ""Romeo and Juliet"""," 

1. Betoneira
2. Columbus
3. Roma
4. Brinquedos
",[]
"Smart TV LED 43"" LG 43UJ6525 Ultra HD 4K com Conversor Digital 4 HDMI 2 USB WebOS 3.5 Painel Ips HDR e Magic Mobile Connection",smart tv led 43 lg 43uj6525 ultra hd 4k conversor digital 4 hdmi 2 usb webos 3 5 painel ips hdr magic mobile connection,"['smart', 'led', 'ultra', 'conversor', 'digital', 'hdmi', 'usb', 'hdr', 'magic']","['smart', 'tv', 'led', '43', 'lg', 'ultra', 'hd', '4k', 'usb']",[],"['smart', 'tv', 'led', 'ultra', 'hd', '4k', 'conversor', 'digital', '4', 'hdmi', '2', 'usb', '3', '5']",[],"['smart', 'tv', 'led', 'ultra', 'hd', '4k', 'conversor', 'digital', '4', 'hdmi', '2', 'usb', '3', '5']","['ultra', 'conversor', '4k', '4', 'usb', 'magic', 'tv', '43', '5', '2', 'lg', 'led', 'hdmi', 'hdr', 'hd', 'smart', 'digital', '3']","LG 43UJ6525, LG 43UJ6525, LG 43","connection, hdmi, ips, tv",, I'm not sure what you are trying to say.  What is the list?," 

[Smart TV, LED, 43"", LG, 43UJ6525, Ultra HD, 4K, com, Conversor Digital, 4 HDMI, 2 USB, WebOS, 3.5, Painel, Ips, HDR, e, Magic, Mobile, Connection]

Explanation:
A lista de palavras mais relevantes é baseada em uma frase que inclui todos os termos relevantes para o seguinte","['tv', 'led', 'lg', '43uj6525', 'ultra', 'hd', '4k', 'com', 'digital', 'hdmi', 'usb', 'webos', 'painel', 'ips', 'hdr', 'mobile', 'connection']"
"Smartphone Motorola Moto G 5S Dual Chip Android 7.1.1 Nougat Tela 5.2"" Snapdragon 430 32GB 4G Câmera 16MP - Platinum",smartphone motorola moto g 5s dual chip android 7 1 1 nougat tela 5 2 snapdragon 430 32gb 4g camera 16mp platinum,"['smartphone', 'motorola', 'moto', 'dual', 'chip', 'android', 'nougat', 'tela', 'snapdragon', 'camera']","['smartphone', 'motorola', 'moto', '5s', 'dual', 'chip', 'android', 'camera']",[],"['smartphone', 'motorola', 'moto', 'g', '5s', 'dual', 'chip', 'android', '7', '1', 'nougat', 'tela', '5', '2', 'snapdragon', '32gb', '4g', 'camera', '16mp']",[],"['smartphone', 'motorola', 'moto', 'g', '5s', 'dual', 'chip', 'android', '7', '1', 'nougat', 'tela', '5', '2', 'snapdragon', '32gb', '4g', 'camera', '16mp']","['moto', 'chip', 'dual', 'android', '32gb', '4g', '16mp', 'smartphone', 'camera', '1', 'motorola', '2', 'tela', 'nougat', '5s', 'snapdragon', '5', '7', 'g']","Motorola, Smartphone, smartphone","chip, moto, nougat, tela"," ['Android', 'Nougat', 'Snapdragon', 'Camera', 'Moto', 'G', '5S', '32GB']", Do you know that the smartphone is the most popular smartphone in the United States and the world?," 

- Smartphone
- Motorola
- Moto G
- 5S
- Dual Chip
- Android
- 7.1.1
- Nougat
- Tela
- 5.2
- Snapdragon
- 430
- 32GB
- 4G
- Câmera
- 16MP
- Platinum
","['smartphone', 'motorola', 'moto', '5s', 'chip', 'android', 'nougat', 'tela', 'snapdragon', '430', '32gb', '4g', '16mp']"
Ventilador de Teto Ventisol Fenix Premium Branco 3 velocidades com Controle Remoto,ventilador teto ventisol fenix premium branco 3 velocidades controle remoto,"['ventilador', 'premium', 'branco', 'velocidades', 'controle', 'remoto']","['ventilador', 'premium', 'branco', 'controle']",[],"['premium', 'branco', '3', 'velocidades', 'controle']",[],"['premium', 'branco', '3', 'velocidades', 'controle']","['velocidades', 'branco', 'premium', '3', 'ventilador', 'controle', 'remoto']","Ventilador de Teto, Ventilador de Teto, Ventilador de Te","controle, fenix, remoto, velocidades"," Ventilador, de, Teto, Ventisol, Fenix, Premium, Branco, 3, velocidades, com, Controle, Remoto"," Do you know that the word ""answer"" was first recorded in the 10th century?"," 

1. Ventilador de Teto Ventisol Fenix Premium Branco 3 velocidades com Controle Remoto
2. Ventilador de Teto Ventisol Fenix Premium Branco 3 velocidades com Controle Remoto
3. Ventilador de Teto Ventisol Fenix Premium Branco 3 velocidades com Controle Remoto
4. Ventilador de Teto Ventisol Fenix Premium Branco 3 velocidades","['teto', 'fenix', 'premium', 'com', 'controle', 'remoto']"
Kit 10 Peças Fita Led 12v 5050 300 Leds Rgb + Fonte,kit 10 pecas fita led 12v 5050 300 leds rgb fonte,"['kit', 'pecas', 'led', 'leds']","['kit', '10', 'pecas', 'led', 'leds']",[],"['10', 'pecas', 'led']",[],"['10', 'pecas', 'led']","['pecas', 'kit', '10', 'led', 'leds']","phone, phone analysis, phone analysis","fita, led, kit, peça", KIT 10 PEÇAS Fita Led 12v 5050 300 Leds Rgb + Fonte, Kitten 10 Peach is the most popular peach fruit in the world.  ," 

[Kit 10 Peças Fita Led 12v 5050 300 Leds Rgb + Fonte]
","['kit', 'led', '12v', '5050', '300', 'leds', 'rgb']"
Aspirador de Pó Philco Rapid 1000N Vermelho/Preto - 1000W,aspirador po philco rapid 1000n vermelho preto 1000w,"['aspirador', 'philco', 'vermelho', 'preto']","['aspirador', 'po', 'philco', 'vermelho', 'preto']",[],"['philco', 'vermelho', 'preto']",[],"['philco', 'vermelho', 'preto']","['preto', 'philco', 'vermelho', 'aspirador', 'po']","Aspirador de Pó Philco Rapid 1000N Vermelho/Preto, Asp","aspirador, philco, pó, rapid, w"," a, rapid, philco, v, vermelho, preto", Aspire to be aspiring as Philip Philadelphia.," 

1. Aspirador de Pó
2. Rapid
3. 1000N
4. Vermelho
5. Preto
6. 1000W
","['aspirador', 'philco', 'rapid', '1000n', 'preto', '1000w']"
Conjunto de Panelas Antiaderente Turim 10 Peças Vermelha Tramontina,conjunto panelas antiaderente turim 10 pecas vermelha tramontina,"['conjunto', 'pecas', 'vermelha']","['conjunto', '10', 'pecas']",[],"['10', 'pecas', 'vermelha']",[],"['10', 'pecas', 'vermelha']","['conjunto', 'pecas', '10', 'vermelha']",Conjunto de Panelas Antiaderente Turim 10 Peças Ver,"panela, turmo, turmoina"," [""panelas"", ""antiaderente"", ""vermelha"", ""tramontina"", ""peças""]"," I'm not sure what you mean by ""the list"" but I do know that the word ""conjunta"" means ""little armoured one"" in Spanish."," 

1. Panelas Antiaderente
2. Turim
3. Vermelha
4. Tramontina
5. 10
6. Peças
7. Vermelho
8. Tramontina
9. Turim
10. Panelas
11. Antiaderente
12. Vermelho
13. Tramontina
14. 10
15. Peças
16. Vermelho
17.",['panelas']
"Smartphone Motorola Moto G 5S Dual Chip Android 7.1.1 Nougat Tela 5.2"" Snapdragon 430 32GB 4G Câmera 16MP - Dourado",smartphone motorola moto g 5s dual chip android 7 1 1 nougat tela 5 2 snapdragon 430 32gb 4g camera 16mp dourado,"['smartphone', 'motorola', 'moto', 'dual', 'chip', 'android', 'nougat', 'tela', 'snapdragon', 'camera', 'dourado']","['smartphone', 'motorola', 'moto', '5s', 'dual', 'chip', 'android', 'camera']",[],"['smartphone', 'motorola', 'moto', 'g', '5s', 'dual', 'chip', 'android', '7', '1', 'nougat', 'tela', '5', '2', 'snapdragon', '32gb', '4g', 'camera', '16mp', 'dourado']",[],"['smartphone', 'motorola', 'moto', 'g', '5s', 'dual', 'chip', 'android', '7', '1', 'nougat', 'tela', '5', '2', 'snapdragon', '32gb', '4g', 'camera', '16mp', 'dourado']","['moto', 'chip', 'dual', 'android', '32gb', '4g', '16mp', 'smartphone', 'camera', '1', 'motorola', '2', 'tela', 'dourado', 'nougat', '5s', 'snapdragon', '5', '7', 'g']","Motorola, Smartphone, smartphone","chip, moto, nougat, tela"," [smartphone, android, motorola, moto, g, 5, dual, chip, tela, 5.2, snapdragon, 430, 32gb, 4g, camera, 16mp, dourado]", I'm not sure what you are trying to say.  What is on the list?," 

- Smartphone
- Motorola
- Moto G
- 5S
- Dual Chip
- Android
- 7.1.1
- Nougat
- Tela
- 5.2
- Snapdragon
- 430
- 32GB
- 4G
- Câmera
- 16MP
- Dourado
","['smartphone', 'motorola', 'moto', '5s', 'chip', 'android', 'nougat', 'tela', 'snapdragon', '430', '32gb', '4g', '16mp', 'dourado']"
Tênis Casual Conforto Beira Rio,tenis casual conforto beira rio,[],[],[],[],[],[],[],"Conforto Beira Rio, Tênis Casual Conforto Beira Rio,","beira, rio, tênis"," [Casual, Conforto, Beira]", Tìnis Confreira is an Italian soap opera," 

1. Tênis
2. Casual
3. Conforto
4. Beira
5. Rio
",[]
Mochila Sport Escolar Camping Trilha Viagem Passeio,mochila sport escolar camping trilha viagem passeio,['sport'],['sport'],[],['sport'],[],['sport'],['sport'],"Mochila Sport Escolar Camping Trilha Viagem Passeio,","passeio, trilha, vilagem"," Mochila, Sport, Escolar, Camping, Trilha, Viagem, Passeio", The list of most important words is the list of all the most important things in the world.," 

1. Mochila Sport Escolar
2. Camping
3. Trilha
4. Viagem
5. Passeio
","['mochila', 'viagem', 'passeio']"
Toldo Versátil Artplas 120x60cm Branco E Cristal,toldo versatil artplas 120x60cm branco cristal,['branco'],['branco'],[],['branco'],[],['branco'],['branco'],"Toldo Versátil Artplas, Toldo Versátil Artplas","branco, cristal, tello", Toldo Versátil Artplas 120x60cm Branco E Cristal," Tolkien was a great writer, he was an English author, poet, and philosopher."," 

1. Versátil
2. Artplas
3. 120x60cm
4. Branco
5. Cristal
","['toldo', '120x60cm']"
"Smart TV LED 65"" Samsung 65MU6100 UHD 4K HDR Premium com Conversor Digital 3 HDMI 2 USB 120Hz",smart tv led 65 samsung 65mu6100 uhd 4k hdr premium conversor digital 3 hdmi 2 usb 120hz,"['smart', 'led', 'samsung', 'uhd', 'hdr', 'premium', 'conversor', 'digital', 'hdmi', 'usb']","['smart', 'tv', 'led', '65', 'samsung', '4k', 'premium', 'usb']",[],"['smart', 'tv', 'led', 'samsung', '4k', 'premium', 'conversor', 'digital', '3', 'hdmi', '2', 'usb', '120hz']",[],"['smart', 'tv', 'led', 'samsung', '4k', 'premium', 'conversor', 'digital', '3', 'hdmi', '2', 'usb', '120hz']","['conversor', 'uhd', '120hz', '65', '4k', 'samsung', 'usb', 'tv', 'premium', '2', 'led', 'hdr', 'hdmi', 'smart', 'digital', '3']","Smart TV LED 65""","hdmi, tv, usb"," { Smart, LED, 65"", Samsung, 65MU6100, UHD, 4K, HDR, Premium, conversor, digital, HDMI, USB, 120Hz }"," I'm not sure what you are trying to say, but I do know that the smartphone is the most popular smartphone in the world."," 

Palavras mais relevantes: Smart TV, LED, 65"", Samsung, 65MU6100, UHD, 4K, HDR, Premium, com, Conversor, Digital, 3, HDMI, 2, USB, 120Hz.
","['tv', 'led', 'samsung', '65mu6100', '4k', 'hdr', 'premium', 'com', 'digital', 'hdmi', 'usb', '120hz']"
"Barra De Cereal Nestlé Banana, Aveia E Mel 60g 3 Unidades",barra cereal nestle banana aveia mel 60g 3 unidades,[],[],[],['3'],[],['3'],['3'],"Aveia E Mel 60g 3 Unidades, Aveia E Mel 60g 3 Uni","banana, cereal, mel, nestle"," banana, cereal, cereal, mel, aveia, barra, barra, cereal, mel, banana, mel, aveia, banana, barra, aveia."," Based on the list of most important words, the answer is ""Barra"" "," 

[Banana, Aveia, Cereal, Nestlé, Mel, 60g, 3, Unidades]

Explanation: A frase fornece uma lista de palavras, e a resposta retorna uma lista de palavras mais relevantes, incluindo banana, Aveia, Cereal, Nestlé, Mel, 60g, 3, Unidades.

Question 2:
","['aveia', '60g', 'unidades']"
Capa Protetora Toyota Corola Com Cadeado,capa protetora toyota corola cadeado,"['capa', 'protetora']","['capa', 'protetora']",[],['capa'],[],['capa'],"['capa', 'protetora']","Capa Protetora Toyota Corola Com Cadeado, Capa Protetora Toyota","capa, corolla, cadeado, protectora"," ['capa', 'corola', 'tapicero']"," I'm not sure what you are trying to say, but I do know that the Cadillac Corolla is one of the best selling cars in the US."," 

1. Capa
2. Protetora
3. Toyota Corolla
4. Cadeado
","['protetora', 'com', 'cadeado']"
"Smartphone LG K10 Dual Chip Android 6.0 Marshmallow Tela 5.3"" 16GB 4G Câmera 13MP TV Digital - Dourado",smartphone lg k10 dual chip android 6 0 marshmallow tela 5 3 16gb 4g camera 13mp tv digital dourado,"['smartphone', 'dual', 'chip', 'android', 'tela', 'camera', 'digital', 'dourado']","['smartphone', 'lg', 'dual', 'chip', 'android', 'camera', 'tv']",[],"['smartphone', 'dual', 'chip', 'android', '6', '0', 'tela', '5', '3', '16gb', '4g', 'camera', '13mp', 'tv', 'digital', 'dourado']",[],"['smartphone', 'dual', 'chip', 'android', '6', '0', 'tela', '5', '3', '16gb', '4g', 'camera', '13mp', 'tv', 'digital', 'dourado']","['6', '0', 'smartphone', 'camera', 'chip', 'tv', '13mp', '5', 'digital', 'dual', 'lg', '16gb', 'android', '4g', 'tela', 'dourado', '3']","LG K10, Android 6.0 Marshmallow Tela, Smartphon","chip, lg, tela"," ['Smartphone','LG','K10','Dual','Chip','Android','6.0','Marshmallow','Tela','5.3','16GB','4G','Câmera','13MP','TV','Digital','Dourado']", Do you know that the smartphone is the most popular smartphone in the United States and the world?," 

- LG
- K10
- Dual Chip
- Android
- 6.0
- Marshmallow
- Tela
- 5.3""
- 16GB
- 4G
- Câmera
- 13MP
- Digital
- Dourado
","['smartphone', 'lg', 'k10', 'chip', 'android', 'marshmallow', 'tela', '16gb', '4g', '13mp', 'tv', 'digital', 'dourado']"
"Smart TV Android LED 49"" TCL C2 49C2US Ultra HD 4K com Conversor Digital Soundbar Integrado 3 HDMI e 2 USB 120Hz - Preta",smart tv android led 49 tcl c2 49c2us ultra hd 4k conversor digital soundbar integrado 3 hdmi 2 usb 120hz preta,"['smart', 'android', 'led', 'tcl', 'ultra', 'conversor', 'digital', 'integrado', 'hdmi', 'usb', 'preta']","['smart', 'tv', 'android', 'led', '49', 'ultra', 'hd', '4k', 'usb', 'preta']",[],"['smart', 'tv', 'android', 'led', 'ultra', 'hd', '4k', 'conversor', 'digital', 'integrado', '3', 'hdmi', '2', 'usb', '120hz', 'preta']",[],"['smart', 'tv', 'android', 'led', 'ultra', 'hd', '4k', 'conversor', 'digital', 'integrado', '3', 'hdmi', '2', 'usb', '120hz', 'preta']","['ultra', 'conversor', '120hz', '4k', '49', 'usb', 'tv', 'preta', '2', 'integrado', 'tcl', 'led', 'android', 'hdmi', 'hd', 'smart', 'digital', '3']","Android, TV, TV LED, TV LED, TV Android LED,","hd, hdmi, tcl, tv",, Do you have any questions for me? I'm trying to learn more about smartphones and tablets.," 

- Smart TV
- Android
- LED
- 49""
- TCL
- C2
- 49C2US
- Ultra HD
- 4K
- Conversor Digital
- Soundbar
- Integrado
- 3
- HDMI
- 2
- USB
- 120Hz
- Preta
","['tv', 'android', 'led', 'c2', '49c2us', 'ultra', 'hd', '4k', 'com', 'digital', 'soundbar', 'hdmi', 'usb', '120hz']"
Cafeteira Elétrica Cadence Single CAF111 com 2 Xícaras - Vermelho,cafeteira eletrica cadence single caf111 2 xicaras vermelho,"['cafeteira', 'eletrica', 'cadence', 'xicaras', 'vermelho']","['cafeteira', 'eletrica', 'cadence', 'xicaras', 'vermelho']",[],"['cafeteira', 'eletrica', 'cadence', '2', 'xicaras', 'vermelho']",[],"['cafeteira', 'eletrica', 'cadence', '2', 'xicaras', 'vermelho']","['cadence', 'xicaras', 'eletrica', '2', 'vermelho', 'cafeteira']","CAF111, CAF111 com 2 Xícaras, Vermelho,","caf111, xcara, vermelho"," [""cadence"", ""vermelho"", ""vermelho"", ""vermelho"", ""vermelho"", ""vermelho"", ""vermelho"", ""vermelho""].", Vermont is a state in the northeastern region of the United States.," 

- Cafeteira
- Elétrica
- Cadence
- Single
- CAF111
- Xícaras
- Vermelho
","['cafeteira', 'com']"
Mop Giratório Fit + Refil Extra - At Home,mop giratorio fit refil extra at home,"['mop', 'refil', 'home']","['mop', 'refil', 'home']",[],"['mop', 'refil', 'home']",[],"['mop', 'refil', 'home']","['refil', 'home', 'mop']","Giratório Fit, Mop Giratório Fit, Mop Gir","fit, home, mop"," ['Extra', 'Fit', 'Giratório', 'Mop', 'Mop Giratório', 'Mop Giratório Fit', 'Mop Giratório Fit + Refil', 'Mop Giratório Fit + Refil Extra']"," Moped is a type of motorized bicycle, what kind of bike do you have?"," 

- Mop Giratório Fit
- Refil Extra
- At Home
",['extra']
Câmera Estilo Go-Pro Sports Hd 1080p Esportes Radicais,camera estilo go pro sports hd 1080p esportes radicais,"['camera', 'pro', 'sports']","['camera', 'pro', 'hd']",[],"['camera', 'pro', 'hd']",[],"['camera', 'pro', 'hd']","['camera', 'pro', 'hd', 'sports']","Go-Pro Sports Hd 1080p, Go-Pro Sports Hd 1080p","esporte, go-pro, hd, radicais, sport", esportes radicais.," Do you know that the word ""sport"" is derived from the Latin word ""contemporary""?"," 

1. Câmera
2. Estilo
3. Go-Pro
4. Sports
5. Hd
6. 1080p
7. Esportes
8. Radicais
9. Sport
10. Hd
11. 1080p
12. Esportes
13. Radicais
14. Sport
15. Hd
16. 1080p
17. Esportes
18. Radicais
19.","['hd', '1080p']"
"Chaleira Elétrica Cadence CEL800 1,7 Litros Inox Prime",chaleira eletrica cadence cel800 1 7 litros inox prime,"['eletrica', 'cadence', 'litros', 'inox', 'prime']","['eletrica', 'cadence', 'litros']",[],"['eletrica', 'cadence', '1', '7', 'litros', 'inox', 'prime']",[],"['eletrica', 'cadence', '1', '7', 'litros', 'inox', 'prime']","['cadence', 'eletrica', '1', 'prime', 'litros', '7', 'inox']","Chaleira Elétrica Cadence CEL800, Chaleira Elétrica Cad","chaleira, cél800, inox, literos"," ['Chaleira', 'elétrica', 'Cadence', 'CEL800', '1,7', 'litros', 'Inox', 'Prime']", I'm not sure what you are trying to say.  What is the list?," 

1. Chaleira Elétrica
2. Cadence
3. CEL800
4. 1,7 Litros
5. Inox
6. Prime
","['cel800', 'litros']"
Camiseta Speedo Basic Blend UV 50+,camiseta speedo basic blend uv 50,[],['50'],[],[],[],[],['50'],"Camiseta Speedo Basic Blend UV 50+, Camiseta Speedo","camiseta, blend, speedo"," [UV, 50, Speedo, Basic, Blend]", I'm not sure what you are trying to say.  What is the list?," 
Camiseta, Speedo, Basic, Blend, UV, 50+, +.
","['camiseta', 'speedo', 'basic']"
Penteadeira Jb 7200 Com Banqueta Amarelo - Jb Bechara,penteadeira jb 7200 banqueta amarelo jb bechara,[],['jb'],[],['jb'],[],['jb'],['jb'],"Penteadeira, Penteadeira, Penteadeira, Penteadeira","banqueta, jb, ponteadeira"," ['Penteadeira', 'Jb', 'Banqueta', 'Azul', 'Jb Bechara']"," Do you know that the word ""answer"" was first recorded in the 10th century?"," 

- Penteadeira
- Jb
- 7200
- Com
- Banqueta
- Amarelo
- Jb
- Bechara
","['7200', 'com']"
"Smartphone Samsung Galaxy A5 2016 Dual Chip Android 5.1 Tela 5.2"" 16GB 4G Câmera 13MP - Dourado",smartphone samsung galaxy a5 2016 dual chip android 5 1 tela 5 2 16gb 4g camera 13mp dourado,"['smartphone', 'samsung', 'galaxy', 'dual', 'chip', 'android', 'tela', 'camera', 'dourado']","['smartphone', 'samsung', 'galaxy', 'dual', 'chip', 'android', 'camera']",[],"['smartphone', 'samsung', 'galaxy', 'dual', 'chip', 'android', '5', '1', 'tela', '2', '16gb', '4g', 'camera', '13mp', 'dourado']",[],"['smartphone', 'samsung', 'galaxy', 'dual', 'chip', 'android', '5', '1', 'tela', '2', '16gb', '4g', 'camera', '13mp', 'dourado']","['smartphone', 'camera', 'samsung', 'galaxy', 'chip', '13mp', '1', '5', '2', 'dual', '16gb', '4g', 'android', 'tela', 'dourado']","Android, Android 5.1 Tela, Smartphone","chip, galaxy, samsung"," smart phone, Samsung, Galaxy, A5, 2016, Dual, Chip, Android, 5.1, Tela, 5.2, "", 16, GB, 4G, Câmera, 13MP, -, Dourado", I am not sure what you are trying to say.  What is the list?," 

- Smartphone
- Samsung
- Galaxy
- A5
- 2016
- Dual
- Chip
- Android
- 5.1
- Tela
- 5.2
- 16GB
- 4G
- Câmera
- 13MP
- Dourado
","['smartphone', 'samsung', 'galaxy', 'a5', 'chip', 'android', 'tela', '16gb', '4g', '13mp', 'dourado']"
"Smartphone Asus Zenfone 4 Selfie Dual Chip Android 7 Tela 5.5"" Snapdragon 64GB 4G Câmera Traseira 16MP Dual Frontal 20MP + 8MP - Preto",smartphone asus zenfone 4 selfie dual chip android 7 tela 5 5 snapdragon 64gb 4g camera traseira 16mp dual frontal 20mp 8mp preto,"['smartphone', 'asus', 'dual', 'chip', 'android', 'tela', 'snapdragon', 'camera', 'preto']","['smartphone', 'asus', 'zenfone', 'dual', 'chip', 'android', 'camera', 'preto']",[],"['smartphone', 'asus', '4', 'dual', 'chip', 'android', '7', 'tela', '5', 'snapdragon', '4g', 'camera', '16mp', '8mp', 'preto']",[],"['smartphone', 'asus', '4', 'dual', 'chip', 'android', '7', 'tela', '5', 'snapdragon', '4g', 'camera', '16mp', '8mp', 'preto']","['4', 'smartphone', 'preto', 'asus', 'chip', 'camera', 'snapdragon', '5', 'dual', '7', 'android', '4g', '16mp', '8mp', 'zenfone', 'tela']","Asus Zenfone 4 Selfie, Android 7, Smartphone A","chip, frontal, zenfone",," I'm not sure what you mean by ""The list"" but I do know that the smartphone is the most popular smartphone in the world."," 

- Smartphone
- Asus
- Zenfone 4
- Selfie
- Dual
- Chip
- Android
- 7
- Tela
- 5.5""
- Snapdragon
- 64GB
- 4G
- Câmera
- Traseira
- 16MP
- Dual
- Frontal
- 20MP
- 8MP
- Preto
","['smartphone', 'asus', 'zenfone', 'chip', 'android', 'tela', 'snapdragon', '64gb', '4g', '16mp', '20mp', '8mp', 'preto']"
Refil Esfregão Mop Limpeza Prática,refil esfregao mop limpeza pratica,"['refil', 'mop', 'limpeza']","['refil', 'mop', 'limpeza']",[],"['refil', 'mop', 'limpeza']",[],"['refil', 'mop', 'limpeza']","['refil', 'limpeza', 'mop']","Esfregão Mop Limpeza Prática, philosophy, p",esfrego mop refil," {esfregão, mop, limpeza, prática}."," Do you know that the word ""answer"" was first recorded in the 10th century?"," 

1. Refil
2. Esfregão
3. Mop
4. Limpeza
5. Prática
",[]
Kit Câmera instantânea Fujifilm Instax Mini 9 c/ Bolsa e Filme 10 poses - Azul Aqua,kit camera instantanea fujifilm instax mini 9 c bolsa filme 10 poses azul aqua,"['kit', 'camera', 'mini', 'azul']","['kit', 'camera', 'mini', '10', 'azul']",[],"['camera', 'mini', '9', 'c', '10', 'azul']",[],"['camera', 'mini', '9', 'c', '10', 'azul']","['kit', 'camera', '9', 'azul', 'mini', '10', 'c']","Azul Aqua, accumulation, câmera instantânea,","film, instantanea, kit, pose"," ['Instax', '9']"," Aztecs used to call them ""turtle-rabbit"" "," 

- Kit Câmera instantânea Fujifilm Instax Mini 9
- Bolsa e Filme 10
- Azul Aqua
- Poses
- Câmera
- Instantânea
- Fujifilm
- Instax
- Mini 9
- Bolsa
- Filme
- 10
- Poses
- Azul
- Aqua
","['kit', 'fujifilm', 'mini']"
Moto Elétrica Infantil 6V Motocross Vermelha Homeplay,moto eletrica infantil 6v motocross vermelha homeplay,"['moto', 'eletrica', 'infantil', 'vermelha']","['moto', 'eletrica', 'infantil']",[],"['moto', 'eletrica', 'infantil', 'vermelha']",[],"['moto', 'eletrica', 'infantil', 'vermelha']","['moto', 'eletrica', 'infantil', 'vermelha']","Motor Elétrica Infantil 6V, Motor Elétrica Infantil","eletrica, motocross, vermelha"," ['Motocross', 'Moto', 'elétrica', '6V', 'vermelha']"," Do you know that the word ""home"" was first recorded in the 10th century in a Latin manuscript from the Southern Italy town of Gaeta in Lazio?"," 

1. Moto Elétrica Infantil 6V
2. Motocross Vermelha
3. Homeplay
","['moto', '6v', 'motocross', 'homeplay']"
"Smartphone Motorola Moto X4 Dual Cam Android 7.0 Tela 5.2"" Octa-Core 32GB Wi-Fi 4G Câmera 12MP - Azul Topázio",smartphone motorola moto x4 dual cam android 7 0 tela 5 2 octa core 32gb wi fi 4g camera 12mp azul topazio,"['smartphone', 'motorola', 'moto', 'dual', 'cam', 'android', 'tela', 'octa', 'core', 'camera', 'azul']","['smartphone', 'motorola', 'moto', 'x4', 'dual', 'android', 'camera', 'azul']",[],"['smartphone', 'motorola', 'moto', 'dual', 'android', '7', '0', 'tela', '5', '2', 'octa', 'core', '32gb', 'wi', 'fi', '4g', 'camera', '12mp', 'azul']",[],"['smartphone', 'motorola', 'moto', 'dual', 'android', '7', '0', 'tela', '5', '2', 'octa', 'core', '32gb', 'wi', 'fi', '4g', 'camera', '12mp', 'azul']","['moto', 'wi', 'dual', 'cam', 'android', '0', '32gb', 'azul', '4g', 'smartphone', 'camera', 'octa', 'motorola', '2', 'fi', 'tela', 'x4', '12mp', '5', '7', 'core']","Motorola, Motorola X4 Dual Cam, Android 7.0 Tela, S","azazio, core, moto, tela"," [smartphone, motorola, moto, x4, dual, cam, android, 7.0, tela, 5.2, octa, core, 32gb, wi-fi, 4g, camera, 12mp, azul, topazio]", Do you know that the smartphone is the most popular mobile operating system in the world?," 

- Smartphone
- Motorola
- Moto X4
- Dual Cam
- Android 7.0
- Tela
- 5.2""
- Octa-Core
- 32GB
- Wi-Fi
- 4G
- Câmera
- 12MP
- Azul
- Topázio
","['smartphone', 'motorola', 'moto', 'x4', 'cam', 'android', 'tela', 'core', '32gb', '4g', '12mp']"
Repetidor de Sinal 300Mbps 2.4Ghz TL-WA850RE - TP-Link,repetidor sinal 300mbps 2 4ghz tl wa850re tp link,[],['wa850re'],[],['2'],[],['2'],"['wa850re', '2']","TP-Link, TP-Link, TP-Link, TP-Link","2.4ghz, link, tl-wa850re"," [repetidor, de, sinal, 300mbps, 2.4ghz]", I'm not sure what you are trying to say.  What is the list?," 

[Repetidor, Sinal, 300Mbps, 2.4Ghz, TL-WA850RE, TP-Link]
","['300mbps', '4ghz', 'wa850re', 'link']"
Game Pro Evolution Soccer 2018 - Xbox360,game pro evolution soccer 2018 xbox360,"['game', 'pro']","['game', 'pro', 'xbox360']",[],"['game', 'pro']",[],"['game', 'pro']","['pro', 'xbox360', 'game']","Game Pro Evolution Soccer 2018, Game Pro Evolution Soccer 2018, Game Pro Evolution Soccer","evolution, game, soccer",, Game of Thrones: The Song of Ice and Fire is a series of fantasy novels by George R. R. Martin," 

1. Game Pro Evolution Soccer 2018
2. Xbox360
",['xbox360']
"Smartphone Samsung Galaxy S7 Edge Android 6.0 Tela 5.5"" 128GB 4G Câmera 12MP - Black Piano",smartphone samsung galaxy s7 edge android 6 0 tela 5 5 128gb 4g camera 12mp black piano,"['smartphone', 'samsung', 'galaxy', 'android', 'tela', 'camera']","['smartphone', 'samsung', 'galaxy', 'android', 'camera']",[],"['smartphone', 'samsung', 'galaxy', 'android', '6', '0', 'tela', '5', '4g', 'camera', '12mp']",[],"['smartphone', 'samsung', 'galaxy', 'android', '6', '0', 'tela', '5', '4g', 'camera', '12mp']","['6', '0', 'smartphone', 'camera', 'samsung', 'galaxy', '12mp', '5', '4g', 'android', 'tela']","Android 6.0 Tela, Smartphone, Smartphone Smartphon","camera, samsung, tela"," [Samsung, Galaxy, S7 Edge, Android, 6.0, Tela, 5.5, 128GB, 4G, Câmera, 12MP, Black Piano]", Do you have a smartphone? The smartphone is the most popular smartphone in the world.," 

Palavras mais relevantes: Samsung Galaxy S7 Edge, Android 6.0, Tela 5.5"", 128GB, 4G, Câmera 12MP, Piano, Black.
","['smartphone', 'samsung', 'galaxy', 's7', 'android', 'tela', '128gb', '4g', '12mp']"
"Smart TV LED Philips 43"" 43pfg5102/78 com Conversor Digital Wi-Fi integrado 2 USB 3 HDMI",smart tv led philips 43 43pfg5102 78 conversor digital wi fi integrado 2 usb 3 hdmi,"['smart', 'led', 'philips', 'conversor', 'digital', 'integrado', 'usb', 'hdmi']","['smart', 'tv', 'led', 'philips', '43', '78', 'usb']",[],"['smart', 'tv', 'led', 'conversor', 'digital', 'wi', 'fi', 'integrado', '2', 'usb', '3', 'hdmi']",[],"['smart', 'tv', 'led', 'conversor', 'digital', 'wi', 'fi', 'integrado', '2', 'usb', '3', 'hdmi']","['philips', 'conversor', 'usb', 'tv', '78', '43', 'wi', '2', 'integrado', 'led', 'hdmi', 'smart', 'fi', 'digital', '3']","Philips 43"" 43pfg5102/78 com, Smart TV LED","hdmi, tv, usb"," [com, smart, integrado]"," Smartphones and tablets have been around since the 1980s, so I'm sure you've heard of them."," 

[43"", 43pfg5102/78, Conversor Digital, Wi-Fi, integrado, USB, 3, HDMI]
","['tv', 'led', 'philips', '43pfg5102', 'com', 'digital', 'usb', 'hdmi']"
Smartphone Motorola Moto C Xt1750 Dual Sim Tela 5.0 8gb 5mp/2mp - Preto,smartphone motorola moto c xt1750 dual sim tela 5 0 8gb 5mp 2mp preto,"['smartphone', 'motorola', 'moto', 'dual', 'tela', 'preto']","['smartphone', 'motorola', 'moto', 'xt1750', 'dual', 'preto']",[],"['smartphone', 'motorola', 'moto', 'c', 'dual', 'tela', '5', '0', '8gb', '5mp', 'preto']",[],"['smartphone', 'motorola', 'moto', 'c', 'dual', 'tela', '5', '0', '8gb', '5mp', 'preto']","['moto', 'xt1750', '0', '8gb', 'smartphone', '5mp', 'preto', 'motorola', '5', 'dual', 'c', 'tela']","Motorola, Motorola Xt1750, Sim Tela, Simtel","mp, tela, smartphone",, Do you know that the smartphone is the most widely used mobile operating system in the world?," 

- Smartphone
- Motorola
- Moto C Xt1750
- Dual Sim
- Tela
- 5.0
- 8gb
- 5mp/2mp
- Preto
","['smartphone', 'motorola', 'moto', 'xt1750', 'sim', 'tela', '8gb', '5mp', '2mp', 'preto']"
Câmera Ip Jl Protec Pantilt 1.0mp Ir-Cut Onvif - Hd - Wifi Com Áudio,camera ip jl protec pantilt 1 0mp ir cut onvif hd wifi audio,['camera'],"['camera', 'hd']",[],"['camera', '1', 'hd']",[],"['camera', '1', 'hd']","['camera', 'hd', '1']","Câmera Ip Jl Protec Pantilt 1.0mp, Câmera","com, ip, pantilt, r-cut, onvif, hd, wifi"," ['Camera','Ip','Jl Protec','Pantilt','1.0mp','Ir-Cut','Onvif','Hd','Wifi','Com','Audio']"," I'm not sure what you mean by ""The list"" but I do know that C.P. is an American multinational technology company headquartered in Cupertino, California."," 

[Câmera Ip Jl Protec Pantilt 1.0mp Ir-Cut Onvif - Hd - Wifi Com Áudio]

Explanation:
A frase ""Câmera Ip Jl Protec Pantilt 1.0mp Ir-Cut Onvif - Hd - Wifi Com Áudio"" é uma lista de palavras. A lista contém todos","['ip', '0mp', 'onvif', 'hd', 'wifi', 'com']"
Lençol Avulso Com Elástico Solteiro 170 Fios Preto,lencol avulso elastico solteiro 170 fios preto,"['fios', 'preto']",['preto'],[],['preto'],[],['preto'],"['preto', 'fios']","Lençol Avulso Com Elástico Solteiro 170 Fios Preto,","avulso, elastico, fios, lençol, preto"," Avulso, Solteiro, Preto."," Lenovo means ""little armoured one"" in Latin. "," 

1. Lençol
2. Avulso
3. Elástico
4. Solteiro
5. 170
6. Fios
7. Preto
","['avulso', 'com', '170', 'preto']"
"Smartphone Motorola Moto G5 Plus Dual Chip Android Nougat 7.0 Tela 5,2"" Octa-Core 2GHz 2GB 4G Câmera 12MP - Azul Safira",smartphone motorola moto g5 plus dual chip android nougat 7 0 tela 5 2 octa core 2ghz 2gb 4g camera 12mp azul safira,"['smartphone', 'motorola', 'moto', 'dual', 'chip', 'android', 'nougat', 'tela', 'octa', 'core', 'camera', 'azul']","['smartphone', 'motorola', 'moto', 'plus', 'dual', 'chip', 'android', 'camera', 'azul']",[],"['smartphone', 'motorola', 'moto', 'plus', 'dual', 'chip', 'android', 'nougat', '7', '0', 'tela', '5', '2', 'octa', 'core', '4g', 'camera', '12mp', 'azul']",[],"['smartphone', 'motorola', 'moto', 'plus', 'dual', 'chip', 'android', 'nougat', '7', '0', 'tela', '5', '2', 'octa', 'core', '4g', 'camera', '12mp', 'azul']","['moto', 'chip', 'dual', 'android', '0', 'azul', '4g', 'smartphone', 'camera', 'octa', 'plus', 'motorola', '2', 'tela', 'nougat', '12mp', '5', '7', 'core']","Android Nougat 7.0 Tela, Motorola, Motorola Motorola G5","azal, g5, moto, safira, smartphone"," [android, g5, nougat, motorola, moto, smartphone, tela, celular]", Smartphones are the most popular smartphone in the world and have been since 2007.," 

- Smartphone
- Motorola
- Moto G5 Plus
- Dual Chip
- Android
- Nougat
- 7.0
- Tela
- 5,2""
- Octa-Core
- 2GHz
- 2GB
- 4G
- Câmera
- 12MP
- Azul
- Safira
","['smartphone', 'motorola', 'moto', 'g5', 'chip', 'android', 'nougat', 'tela', 'core', '2ghz', '2gb', '4g', '12mp']"
"Piscina Retangular Mor Premium 5.000 Litros, Lona De Pvc",piscina retangular mor premium 5 000 litros lona pvc,"['premium', 'litros', 'lona']","['premium', 'litros']",[],"['premium', '5', 'litros']",[],"['premium', '5', 'litros']","['5', 'premium', 'litros', 'lona']","Lona De Pvc Answer, Piscina Retangular Mor Prem","lona, piscina, pvc"," [litros, piscina, pvc]"," I'm not sure what you are trying to say, but I can tell you that the word ""piscina"" means ""little armoured one"" in Italian."," 

- Piscina
- Retangular
- Mor
- Premium
- 5.000
- Litros
- Pvc
- Lona
- De
- Pvc
- Lona
- De
- Pvc
- Lona
- De
- Pvc
- Lona
- De
- Pvc
- Lona
- De
- Pvc
- Lona
- De
- Pvc
- Lona
","['mor', 'premium', 'litros']"
Conjunto  Potes de Vidro Multiuso 3 Peças Vermelho - Euro Home,conjunto potes vidro multiuso 3 pecas vermelho euro home,"['conjunto', 'vidro', 'pecas', 'vermelho', 'home']","['conjunto', 'vidro', 'pecas', 'vermelho', 'home']",[],"['vidro', '3', 'pecas', 'vermelho', 'home']",[],"['vidro', '3', 'pecas', 'vermelho', 'home']","['pecas', 'conjunto', 'vidro', 'vermelho', 'home', '3']","Euro Home, Euro Home, Euro Home, Euro Home, Euro Home, Euro Home, Euro","conjunto, home, peça, vidro"," [vidro, multiuso, vermelho]"," I'm not sure what you mean by that, but I do know that the word ""conjunta"" means ""little armoured one"" in Spanish."," 

1. Conjunto
2. Potes de Vidro
3. Multiuso
4. 3
5. Peças
6. Vermelho
7. Euro
8. Home
","['multiuso', 'euro']"
Livro - Primeiro Amor,livro primeiro amor,['livro'],['livro'],[],['livro'],[],['livro'],['livro'],"Livro, Primeiro Amor, Livro, Primeiro Amor, Primeiro A","libro, primeiro, amor"," ['amor', 'livro', 'primeiro']"," Primiro means ""little armoured one"" in Italian. "," 

1. Livro
2. Primeiro Amor
",['livro']
Grandiôse Lancôme - Máscara Para Os Cílios 01,grandiose lancome mascara cilios 01,[],[],[],[],[],[],[],"Grandiôse Lancôme, Grandiôse Lancôme, Grandiô","clio, lancome, máscara"," ['Lancôme', 'Grandiôse', 'Máscara']"," I'm not sure what you mean by ""The list"" but I do know that the word ""answer"" was first recorded in the 10th century."," 

- Grandiôse
- Lancôme
- Máscara
- Para
- Os
- Cílios
- 01
","['para', 'os']"
Livro - Física Conceitual,livro fisica conceitual,['livro'],['livro'],[],['livro'],[],['livro'],['livro'],"Livro, Livro, Livro, Livro, Livro, Livro, Liv","conceitual, list, libro"," ['Física','conceitual']", Language is a complex interaction between the spoken and the written language.  ," 

1. Livro
2. Física Conceitual
",['livro']
Lona Azul Polietileno 100mc 4x4,lona azul polietileno 100mc 4x4,"['lona', 'azul']",['azul'],[],['azul'],[],['azul'],"['azul', 'lona']","Lona Azul Polietileno 100mc 4x4, Lona Azul","azul, lona, polietileno"," [polietileno, 4, 4, azul]."," Latin is the most widely spoken language in the world, and is the second most spoken after English."," 

- Lona Azul Polietileno 100mc 4x4
","['100mc', '4x4']"
Caixa De Som Sem Fio Home Theater 4x1 Fm P2 Bluetooth Usb Wm 1300 Celular Computador,caixa som fio home theater 4x1 fm p2 bluetooth usb wm 1300 celular computador,"['fio', 'home', 'bluetooth', 'usb']","['fio', 'home', 'fm', 'bluetooth', 'usb']","['som', 'fio', 'theater', '4x1', 'fm', 'bluetooth']","['fio', 'home', 'fm', 'bluetooth', 'usb']","['som', 'fio', 'theater', '4x1', 'fm', 'bluetooth']","['fio', 'home', 'fm', 'bluetooth', 'usb']","['4x1', 'fm', 'usb', 'som', 'fio', 'bluetooth', 'theater', 'home']","Caixa De Som Sem Fio, Bluetooth Usb Wm 1300 Celular","bluetooth, computador, fm, home, p2, usb"," [sem, fio, home, theater, fm, p2, bluetooth, usb, wm, 1300, celular, computador]", Do you know that Caicña de Semo is a spanish word?," 

[Caixa De Som Sem Fio, Home Theater 4x1, Fm P2, Bluetooth Usb Wm 1300, Celular Computador]

Explanation: A lista de palavras mais relevantes é [Caixa De Som Sem Fio, Home Theater 4x1, Fm P2, Bluetooth Usb Wm 1300, Celular Computador], pois esta lista contém todos os termos","['som', '4x1', 'bluetooth', 'usb', '1300', 'computador']"
Oculos Lupa Cabeça 8 Lentes 2 Leds Alto Brilho para Ourives,oculos lupa cabeca 8 lentes 2 leds alto brilho ourives,"['lentes', 'leds']",['leds'],"['lentes', 'alto', 'brilho', 'ourives']",['2'],"['lentes', 'alto', 'brilho', 'ourives']",['2'],"['alto', 'lentes', '2', 'leds', 'ourives', 'brilho']","Oculos Lupa Cabeça, Oculos Lupa Cabeça","brilho, lupa, oculos"," [oculos, lupa, cabeça, lentes, leds, alto, brilho, ourives]"," I'm not sure what you are trying to say, but I do know that Occd is a mental disorder."," 

Oculos Lupa, Cabeça, 8, Lentes, 2, Leds, Alto, Brilho, para, Ourives.
","['lupa', 'leds', 'para']"
Varal Recolhível Retrátil De Parede 30 Metros Branco Seca Fácil,varal recolhivel retratil parede 30 metros branco seca facil,['branco'],"['30', 'branco']","['varal', 'recolhivel', 'retratil', 'parede', '30', 'metros', 'seca', 'facil']",['branco'],"['varal', 'recolhivel', 'retratil', 'parede', '30', 'metros', 'seca', 'facil']",['branco'],"['retratil', 'branco', 'seca', 'recolhivel', 'parede', 'metros', '30', 'varal', 'facil']",Varal Recolhível Retrátil De Parede 30 Metros Bran,"metro, parede, recolhvel, retrátil"," retrátil, varal, secar, fácil", Varl Records is an American recording label that was founded in 1948," 

1. Recolhível
2. Retrátil
3. Parede
4. 30 Metros
5. Branco
6. Seca
7. Fácil
",[]
Escova Soft Brush 1000W - Philco,escova soft brush 1000w philco,['philco'],['philco'],"['escova', 'soft', 'brush']",['philco'],"['escova', 'soft', 'brush']",['philco'],"['philco', 'brush', 'escova', 'soft']","Escova Soft Brush 1000W, Philco Answer, Philco An","brush, escova, philco"," [""Philco"", ""escova"", ""soft"", ""brush""]", Philadelphia is the most populous city in the state of New York," 

1. Soft Brush
2. 1000W
3. Philco
","['1000w', 'philco']"
"Smartphone Motorola Moto G 5s Plus Dual Chip Android 7.1.1 Nougat Tela 5.5"" Snapdragon 625 32GB 4G 13MP Câmera Dual Cam - Ouro rosa",smartphone motorola moto g 5s plus dual chip android 7 1 1 nougat tela 5 5 snapdragon 625 32gb 4g 13mp camera dual cam ouro rosa,"['smartphone', 'motorola', 'moto', 'dual', 'chip', 'android', 'nougat', 'tela', 'snapdragon', 'camera', 'cam']","['smartphone', 'motorola', 'moto', '5s', 'plus', 'dual', 'chip', 'android', 'camera']","['625', 'ouro', 'rosa']","['smartphone', 'motorola', 'moto', 'g', '5s', 'plus', 'dual', 'chip', 'android', '7', '1', 'nougat', 'tela', '5', 'snapdragon', '32gb', '4g', '13mp', 'camera']","['625', 'ouro', 'rosa']","['smartphone', 'motorola', 'moto', 'g', '5s', 'plus', 'dual', 'chip', 'android', '7', '1', 'nougat', 'tela', '5', 'snapdragon', '32gb', '4g', '13mp', 'camera']","['moto', '13mp', 'chip', 'dual', 'cam', 'android', 'rosa', '32gb', '4g', '625', 'smartphone', 'camera', 'plus', '1', 'motorola', 'tela', 'nougat', '5s', 'ouro', 'snapdragon', '5', '7', 'g']","Motorola, Motorola Motorola G 5s Plus, Smartphone","chip, moto, nougat, tela",, Do you know that the smartphone is the most popular smartphone in the United States and the world?," 

- Smartphone
- Motorola
- Moto G
- 5s Plus
- Dual Chip
- Android
- 7.1.1
- Nougat
- Tela
- 5.5""
- Snapdragon
- 625
- 32GB
- 4G
- 13MP
- Câmera
- Dual Cam
- Ouro rosa
","['smartphone', 'motorola', 'moto', '5s', 'chip', 'android', 'nougat', 'tela', 'snapdragon', '32gb', '4g', '13mp', 'cam', 'ouro']"
HD Externo Portátil Seagate Expansion 1TB USB 3.0,hd externo portatil seagate expansion 1tb usb 3 0,['usb'],"['hd', 'usb']",['portatil'],"['hd', 'usb', '3', '0']",['portatil'],"['hd', 'usb', '3', '0']","['0', 'usb', 'portatil', 'hd', '3']","HD Expansion 1TB USB 3.0, HD Externo Portátil","expansion, seagate, tb"," [HD, externo, portátil, Seagate, Expansion, 1TB, USB, 3.0]", I'm not sure what you are trying to say.  What is the list?," 

[HD Externo Portátil, Seagate Expansion, 1TB, USB 3.0]

Explanation: A frase fornece uma lista de palavras que são mais relevantes para o seguinte contexto. Os termos ""HD Externo Portátil"", ""Seagate Expansion"", ""1TB"", e ""USB 3.0"" são mais relevantes para o contexto do segu","['hd', 'externo', 'seagate', '1tb', 'usb']"
"Tablet Samsung Galaxy Tab A com S Pen P355M 16GB Wi-Fi 4G Tela 8"" Android 5.0 Quad-Core - Branco",tablet samsung galaxy tab s pen p355m 16gb wi fi 4g tela 8 android 5 0 quad core branco,"['samsung', 'galaxy', 'pen', 'tela', 'android', 'quad', 'core', 'branco']","['samsung', 'galaxy', 'pen', 'android', 'branco']",[],"['samsung', 'galaxy', '16gb', 'wi', 'fi', '4g', 'tela', 'android', '5', '0', 'quad', 'core', 'branco']",[],"['samsung', 'galaxy', '16gb', 'wi', 'fi', '4g', 'tela', 'android', '5', '0', 'quad', 'core', 'branco']","['0', 'pen', 'branco', 'quad', 'samsung', 'galaxy', '5', 'wi', '16gb', '4g', 'android', 'fi', 'tela', 'core']","Android, Android 4.0 Quad-Core, Tablet, Tablet S","tablet, samsung, tela"," [tablet, samsung, galaxy, tab, a, com, s, pen, p355m, 16gb, wifi, 4g, tela, 8, android, 5.0, quad, core, branco]", I'm not sure what you are trying to say.  What is the list?," 

Palavras mais relevantes: Tablet, Samsung, Galaxy Tab, A, com, S Pen, P355M, 16GB, Wi-Fi, 4G, Tela, 8"", Android, 5.0, Quad-Core, Branco.
","['tablet', 'samsung', 'galaxy', 'tab', 'com', 'pen', 'p355m', '16gb', '4g', 'tela', 'android', 'quad', 'core']"
Extensor 10cm De Grade Porta Do Portão Utilar,extensor 10cm grade porta portao utilar,[],[],[],[],[],[],[],"Porta Do Portão, Porta Do Portão, Porta Do Portão, Port","extender, porta, porto"," [Portão, grade, porta, util], the score is 7.04."," I'm not sure what you are trying to say, but I can tell you this is a very important question."," 

1. Extensor 10cm
2. Grade
3. Porta
4. Portão
5. Utilar
",[]
Secador Taiff Fox Ion 2000w - Preto -127v,secador taiff fox ion 2000w preto 127v,['preto'],"['preto', '127v']",[],"['preto', '127v']",[],"['preto', '127v']","['preto', '127v']","Secador Taiff Fox Ion 2000w, Secador Taiff Fox Ion","ion, preto, secador"," ['Secador', 'Taiff', 'Fox', 'Ion'] ", Secretary Taft Ion F. Fox Ion Ion II ," 

1. Secador
2. Taiff
3. Fox
4. Ion
5. 2000w
6. Preto
7. -127v
","['2000w', 'preto', '127v']"
Capa Protetora Chevrolet  S10 Forro Parcial,capa protetora chevrolet s10 forro parcial,"['capa', 'protetora']","['capa', 'protetora']",[],['capa'],[],['capa'],"['capa', 'protetora']","Capa Protetora, Capa Protetora, Capa Protetora, Cap","capa, chevrolet, protectora"," [cap, capa, capa protetora, forro parcial, forro, forro parcial]. However, it is important to note that the list is not in order of relevance, it is sorted alphabetically, since the search was done with the second word of the phrase.", The S10 has been around since 1972 and is the best selling sedan in the US.," 

1. Chevrolet
2. S10
3. Forro
4. Parcial
","['protetora', 'chevrolet', 's10', 'forro']"
Tequila Mexicana Especial 750ml - Jose Cuervo,tequila mexicana especial 750ml jose cuervo,[],[],[],[],[],[],[],"Jose Cuervo, Tequila Mexicana, Tequila Mexica","cuervo, mexicana, tequila"," ['750ml', 'Especial', 'Tequila', 'Jose', 'Cuervo']."," I'm not sure what you mean by ""the list"" but I do know that the word ""especial"" means ""spicy"" in Spanish."," 

Palavras mais relevantes: Tequila, Mexicana, Especial, 750ml, Jose Cuervo.
","['mexicana', 'especial']"
Bateria Notebook - Samsung Rv410 - Preta,bateria notebook samsung rv410 preta,"['notebook', 'samsung', 'preta']","['notebook', 'samsung', 'preta']",['notebook'],"['samsung', 'preta']",['notebook'],"['samsung', 'preta']","['samsung', 'notebook', 'preta']","Bateria Notebook, Bateria Notebook, Bateria Notebook, Pre","bateria, notebook, samsung"," [""Bateria"", ""Notebook"", ""Rv410"", ""Samsung"", ""Preta""], since the phrase is a combination of all those words.", Battlestar Galactica is one of my favorite shows. ," 

Batteria Notebook - Samsung Rv410 - Preta.
","['bateria', 'notebook', 'samsung', 'rv410']"
Boneca Brinquedo Para Maquiar Magic Top Model,boneca brinquedo maquiar magic top model,"['boneca', 'brinquedo', 'magic']",['boneca'],['model'],['boneca'],['model'],['boneca'],"['boneca', 'brinquedo', 'model', 'magic']","Boneca Brinquedo Para Maquiar Magic Top Model, Boneca Br","boneca, model, top"," [Boneca, Brinquedo, Para, Maquiar, Magic, Top, Model]", Bonnequer is an Italian luxury car manufactured by Ferrari.," 

1. Boneca Brinquedo
2. Maquiar
3. Magic
4. Top Model
5. Para
6. Maquiar
7. Magic
8. Top Model
9. Para
10. Maquiar
11. Magic
12. Top Model
13. Para
14. Maquiar
15. Magic
16. Top Model
17. Para
18. Maquiar
19. Magic
","['para', 'model']"
Fone De Ouvido Confort Com Microfone Para Chamadas Preto,fone ouvido confort microfone chamadas preto,"['fone', 'ouvido', 'preto']","['fone', 'ouvido', 'preto']","['fone', 'ouvido', 'confort', 'microfone', 'chamadas']",['preto'],"['fone', 'ouvido', 'confort', 'microfone', 'chamadas']",['preto'],"['fone', 'preto', 'microfone', 'ouvido', 'confort', 'chamadas']",Fone De Ouvido Confort Com Microfone Para Chamadas Preto,"chamadas, confort, fone, ouvido"," [""Fone de Ouvido"", ""o"", ""um"", ""Preto"", ""Com"", ""Microfone""]"," Do you know that the word ""answer"" was first recorded in the 10th century?"," 

1. Fone
2. De Ouvido
3. Confort
4. Microfone
5. Chamadas Preto
","['com', 'para', 'preto']"
Controle Com Fio Para Xbox 360 Slim / Fat E Pc Joystick - Feir,controle fio xbox 360 slim fat pc joystick feir,"['controle', 'fio', 'xbox', 'slim']","['controle', 'fio', 'xbox', 'slim']","['fio', 'xbox', '360', 'slim', 'fat', 'pc', 'joystick', 'feir']","['controle', 'fio']","['fio', 'xbox', '360', 'slim', 'fat', 'pc', 'joystick', 'feir']","['controle', 'fio']","['pc', 'joystick', '360', 'feir', 'xbox', 'fio', 'controle', 'slim', 'fat']","Controle Com Fio Para Xbox 360, Gameplay, Gameplay, Gameplay, Game","controle, fio, pc, xbox"," ['Feir', 'xbox', '360', 'joystick', 'pc', 'slim', 'fat', 'controle', 'com', 'fio', 'para', 'controle', 'com', 'fio', 'para', 'controle', 'com', 'fio', 'para', 'controle', 'com', 'fio', 'para', 'controle', 'com', 'fio', 'para', 'controle', 'com', 'fio', 'para', 'controle', 'com', 'fio', 'para', 'controle', 'com', 'fio', 'para', 'controle', 'com', 'fio', 'para', 'controle', 'com', 'fio', 'para', 'controle', 'com', 'fio', 'para', 'controle', 'com', 'fio', 'para', 'controle', 'com', 'fio', 'para', 'controle', 'com', 'fio', 'para', 'controle', 'com', 'fio', 'para', 'controle', 'com', 'fio', 'para', 'controle', 'com', 'fio', 'para', 'controle', 'com', 'fio', 'para', 'controle', 'com', 'fio', 'para', 'controle', 'com', 'fio', 'para', 'controle', 'com', 'fio', 'para', 'controle', 'com', 'fio', 'para', 'controle', 'com', 'fio', 'para', 'controle', 'com', 'fio', 'para', 'controle', 'com', 'fio', 'para', 'controle', 'com', 'fio', 'para', 'controle', 'com', 'fio', 'para', 'controle', 'com', 'fio', 'para', 'controle', 'com', 'fio', 'para', 'controle', 'com', 'fio', 'para', 'controle"," I'm not sure what you are trying to say, but I do know that the word ""controle"" is derived from the Latin word ""praise""."," 

[1] Controle Com Fio Para Xbox 360 Slim / Fat E Pc Joystick
[2] Feir
[3] Xbox 360 Slim / Fat E Pc Joystick
[4] Controle Com Fio
[5] Xbox 360 Slim / Fat E Pc
[6] Joystick
[7] Fat E Pc
[8] Xbox 360 Slim
[9] Controle Com Fio
[10] Xbox 360 Slim","['controle', 'com', 'para', 'xbox', '360', 'pc', 'joystick']"
Teclado Musical 61 Teclas Estudante Bivolt Stk-61 Waldman,teclado musical 61 teclas estudante bivolt stk 61 waldman,['bivolt'],['61'],"['teclado', 'musical', '61', 'teclas', 'estudante', 'bivolt', 'stk', 'waldman']",[],"['teclado', 'musical', '61', 'teclas', 'estudante', 'bivolt', 'stk', 'waldman']",[],"['estudante', 'teclado', 'bivolt', 'teclas', 'waldman', '61', 'musical', 'stk']","Teclado Musical 61, Waldman, Teclado Musical 61, Waldman","estudante, waldman, teclado"," ['Teclado', 'Musical', 'Teclas', 'Estudante', 'Bivolt', 'Waldman']"," Based on the list of most important words, the list is TECLA 61"," 

1. Teclado Musical
2. 61
3. Teclas Estudante
4. Bivolt
5. Stk-61
6. Waldman
",['teclado']
Bicicleta Infantil Aro 20 Sport Bike Flowers Com Cadeirinha De Boneca,bicicleta infantil aro 20 sport bike flowers cadeirinha boneca,"['infantil', 'sport', 'boneca']","['infantil', '20', 'sport', 'boneca']","['bicicleta', 'aro', '20', 'bike', 'flowers', 'cadeirinha']","['infantil', 'sport', 'boneca']","['bicicleta', 'aro', '20', 'bike', 'flowers', 'cadeirinha']","['infantil', 'sport', 'boneca']","['flowers', 'infantil', 'aro', 'bike', 'sport', 'cadeirinha', 'boneca', 'bicicleta', '20']","Bicicleta Infantil Aro 20 Sport Bike Flowers, Biciclet","bike, cadeirinha, flower"," infantil, aro, sport, bike, flowers, cadeirinha, boneca. We use this function to retrieve the most relevant words based on a list of key words.", Biclette is a fictional character in a comic book series by Marvel Comics.," 

[bicicleta infantil, 20 sport, bike, flowers, cadeirinha de boneca]

Explanation: A frase fornece uma lista de palavras, e a resposta retorna uma lista das palavras mais relevantes, incluindo a bicicleta infantil, 20 sport, bike, flowers e cadeirinha de boneca.

Question 2:","['aro', '20', 'com']"
Patinete Sâmia De Alumínio Ajustável Kyn Infantil,patinete samia aluminio ajustavel kyn infantil,"['aluminio', 'infantil']","['aluminio', 'infantil']","['patinete', 'samia', 'aluminio', 'ajustavel', 'kyn']","['aluminio', 'infantil']","['patinete', 'samia', 'aluminio', 'ajustavel', 'kyn']","['aluminio', 'infantil']","['kyn', 'aluminio', 'patinete', 'samia', 'ajustavel', 'infantil']",Patineteâmia De Alumínio Ajustável Kyn I,"kyn, patinete, sâmia"," Patinete, Sâmia, De, Alumínio, Ajustável, Kyn, Infantil"," I'm not sure what you are trying to say, but the list of most important words in the English language is: "," 

1. Patinete
2. Sâmia
3. De Alumínio
4. Ajustável
5. Kyn
6. Infantil
",[]
Purificador de Água Consul Eletrônico CPB34AS Refrigerado Bivolt – Classe A e Tripla Filtragem,purificador agua consul eletronico cpb34as refrigerado bivolt classe tripla filtragem,"['purificador', 'agua', 'eletronico', 'bivolt']","['purificador', 'agua']","['purificador', 'agua', 'consul', 'eletronico', 'cpb34as', 'refrigerado', 'bivolt', 'classe', 'tripla', 'filtragem']","['purificador', 'agua', 'eletronico']","['purificador', 'agua', 'consul', 'eletronico', 'cpb34as', 'refrigerado', 'bivolt', 'classe', 'tripla', 'filtragem']","['purificador', 'agua', 'eletronico']","['bivolt', 'purificador', 'classe', 'consul', 'eletronico', 'filtragem', 'refrigerado', 'cpb34as', 'agua', 'tripla']","CPB34AS, CPB34AS Refrigerado Bivolt,","purificador, refrigerado, volt"," [Refrigerado, Tripla, Água, Eletrônico]"," Purple is my favorite color, what is your favorite color? Mine is blue. "," 

1. Purificador de Água Consul Eletrônico
2. CPB34AS
3. Refrigerador
4. Bivolt
5. Tripla Filtragem
","['purificador', 'refrigerado']"
Cantoneira Mão Francesa Nº05 Ferro Fundido - Tamanho 22x30cm,cantoneira mao francesa no05 ferro fundido tamanho 22x30cm,[],[],"['cantoneira', 'mao', 'francesa', 'no05', 'ferro', 'fundido', 'tamanho', '22x30cm']",[],"['cantoneira', 'mao', 'francesa', 'no05', 'ferro', 'fundido', 'tamanho', '22x30cm']",[],"['ferro', 'fundido', 'no05', 'mao', 'francesa', '22x30cm', 'cantoneira', 'tamanho']","Cantoneira Mão Francesa No05 Ferro Fundido, Tamanho, Ta","22x30cm, cantaneira, francesa, hand, tamanho"," {'cantoneira', 'mão', 'francessa', 'ferro', 'fundido', 'tamanho', '22x30cm'}, because it contains the most keywords and it is the longest."," Do you know that the word ""answer"" means ""little armoured one"" in Spanish?"," 

- Cantoneira Mão Francesa Nº05 Ferro Fundido
- Tamanho 22x30cm
",['fundido']
Acessórios para Boneca - Baby Alive - Refil Comidinha de Massinha - Hasbro,acessorios boneca baby alive refil comidinha massinha hasbro,"['boneca', 'refil']","['boneca', 'refil']","['acessorios', 'baby', 'alive', 'comidinha', 'massinha', 'hasbro']","['boneca', 'refil']","['acessorios', 'baby', 'alive', 'comidinha', 'massinha', 'hasbro']","['boneca', 'refil']","['refil', 'hasbro', 'baby', 'massinha', 'alive', 'comidinha', 'boneca', 'acessorios']","Acessórios para Boneca, Baby Alive, Baby Alive, Baby Al",hasbro massinha refil," [Acessórios, Boneca, Baby, Alive, Hasbro]"," Hasbro is an American multinational corporation headquartered in Dearborn, Michigan."," 

1. Acessórios para Boneca
2. Baby Alive
3. Refil Comidinha de Massinha
4. Hasbro
","['para', 'hasbro']"
Cafeteira Italiana De Alumínio Preta 9 Xicaras Cafés,cafeteira italiana aluminio preta 9 xicaras cafes,"['cafeteira', 'italiana', 'aluminio', 'preta', 'xicaras']","['cafeteira', 'italiana', 'aluminio', 'preta', 'xicaras']","['italiana', 'aluminio', 'cafes']","['cafeteira', 'italiana', 'aluminio', 'preta', '9', 'xicaras']","['italiana', 'aluminio', 'cafes']","['cafeteira', 'italiana', 'aluminio', 'preta', '9', 'xicaras']","['xicaras', 'cafes', 'aluminio', 'preta', '9', 'italiana', 'cafeteira']","cafés, cafés, cafés, cafés, cafés","café, aluminio, preta"," ['Cafeteira', 'Italiana', 'Alumínio', 'Preta', '9']", Do you know that cafeteria is an establishment that serves coffee and snacks?," 

- Cafeteira Italiana
- De Alumínio Preta
- 9 Xicaras
- Cafés
",['cafeteira']
Panificadora Multi Pane - Britânia,panificadora multi pane britania,['britania'],['britania'],"['panificadora', 'multi', 'pane', 'britania']",['britania'],"['panificadora', 'multi', 'pane', 'britania']",['britania'],"['multi', 'panificadora', 'britania', 'pane']","Britânia, Britânia, Britânia, Britânia","britain, panificadora, pane",, Panicador Multiple Panama is a sovereign island in the Caribbean Sea," 

Panificadora, Multi, Pane, Britânia.
",['multi']
"Smartphone Samsung Galaxy On 7 Dual Chip Android 5.1 Tela 5.5"" 16GB 4G Câmera 13MP - Dourado",smartphone samsung galaxy on 7 dual chip android 5 1 tela 5 5 16gb 4g camera 13mp dourado,"['smartphone', 'samsung', 'galaxy', 'dual', 'chip', 'android', 'tela', 'camera', 'dourado']","['smartphone', 'samsung', 'galaxy', 'dual', 'chip', 'android', 'camera']",['on'],"['smartphone', 'samsung', 'galaxy', '7', 'dual', 'chip', 'android', '5', '1', 'tela', '16gb', '4g', 'camera', '13mp', 'dourado']",['on'],"['smartphone', 'samsung', 'galaxy', '7', 'dual', 'chip', 'android', '5', '1', 'tela', '16gb', '4g', 'camera', '13mp', 'dourado']","['smartphone', 'camera', 'samsung', 'galaxy', 'chip', '13mp', '1', '5', 'on', 'dual', '16gb', '7', 'android', '4g', 'tela', 'dourado']","Android, Android 5.1 Tela, Smartphone","chip, galaxy, samsung"," ['Dourado', 'Smartphone', 'Galaxy', 'Galaxy On 7', 'On 7', 'Galaxy On 7 Dual Chip', 'On 7 Dual Chip', 'Android', 'Android 5.1', 'Android 5.1 Tela', 'Tela', 'Tela 5.5', '5.5', '16GB', '16GB 4G', '4G', 'Câmera', 'Câmera 13MP', 'Câmera 13MP']", Do you know that the smartphone is the most popular smartphone in the United States and the world?," 

- Smartphone
- Samsung
- Galaxy
- On
- 7
- Dual
- Chip
- Android
- 5.1
- Tela
- 5.5
- 16GB
- 4G
- Câmera
- 13MP
- Dourado
","['smartphone', 'samsung', 'galaxy', 'chip', 'android', 'tela', '16gb', '4g', '13mp', 'dourado']"
Mesa para Escritório ME4109 Amêndoa - Tecno Mobili,mesa escritorio me4109 amendoa tecno mobili,[],[],"['mesa', 'escritorio', 'me4109', 'amendoa', 'tecno', 'mobili']",[],"['mesa', 'escritorio', 'me4109', 'amendoa', 'tecno', 'mobili']",[],"['amendoa', 'mobili', 'mesa', 'tecno', 'me4109', 'escritorio']","Mesa para Escritório ME4109 Amêndoa, Mesa","amêndoa, escritório, mesa", Amêndoa - Tecno Mobili , Teco Mobilo is a mexican soap opera produced by Mesoamerica," 

1. Mesa
2. Escritório
3. Tecno Mobili
4. Amêndoa
5. ME4109
","['para', 'me4109', 'mobili']"
"Cortina Blackout E Voil Pratika Slim 2,60x2,30m Bella Janela",cortina blackout voil pratika slim 2 60x2 30m bella janela,['slim'],['slim'],"['cortina', 'blackout', 'voil', 'pratika', 'slim', '60x2', 'bella']",['2'],"['cortina', 'blackout', 'voil', 'pratika', 'slim', '60x2', 'bella']",['2'],"['60x2', 'blackout', 'cortina', '2', 'voil', 'pratika', 'slim', 'bella']","Cortina Blackout E Voil Pratika, Bella Janela, Bella Janela","janela, pratika, slim, voil"," [Blackout, Cortina, Pratika, Slim, 2,60x2,30m, Bella, Janela]", Bella is my favorite princess of all time. She was born in 1948.," 

- Cortina Blackout
- E Voil
- Pratika Slim 2,60x2,30m
- Bella Janela
","['blackout', 'voil']"
Almofada Bola Pelúcia - Palmeiras,almofada bola pelucia palmeiras,[],[],[],[],[],[],[],"Almofada Bola Pelúcia, Almofada Bola Pelúcia","bola, palmeiras, pelcia"," [Almofada, Bola, Pelúcia, Palmeiras]", Almond Pelucia is one of my favorite mexican dishes. ," 

Palmeiras, Almofada, Bola, Pelúcia.
",['palmeiras']
Ventilador de Chão Britânia C50 Turbo Oscillation 3 Velocidades Cromado,ventilador chao britania c50 turbo oscillation 3 velocidades cromado,"['ventilador', 'britania', 'turbo', 'velocidades']","['ventilador', 'britania', 'turbo']",['britania'],"['britania', 'turbo', '3', 'velocidades']",['britania'],"['britania', 'turbo', '3', 'velocidades']","['velocidades', 'britania', 'turbo', 'ventilador', '3']","Chão Britânia, C50 Turbo Oscillation 3 Velocidades","britain, c50, oscillation, velocidades"," : ['Britânia', 'ventilador', 'ventilador de chão', 'ventilador de chão britânia', 'ventilador de chão britânia c50 turbo', 'ventilador de chão britânia c50 turbo oscilation', 'ventilador de chão britânia c50 turbo oscillation 3 velocidades', 'ventilador de chão britânia c50 turbo oscillation 3 velocidades cromado', 'c50 turbo', 'c50 turbo oscillation', 'c50 turbo oscillation 3 velocidades', 'c50 turbo oscillation 3 velocidades cromado', 'oscillation', 'oscillation 3 velocidades', 'oscillation 3 velocidades cromado']", Ventillador De Châtiladì is a sovereign island in the Caribbean Sea," 

1. Ventilador de Chão Britânia C50 Turbo Oscillation 3 Velocidades Cromado
2. Ventilador de Chão Britânia C50 Turbo Oscillation 3 Velocidades Cromado
3. Ventilador de Chão Britânia C50 Turbo Oscillation 3 Velocidades Cromado
4. Ventilador de Chão Britânia C50 Turbo Oscillation 3 Velocidades Crom",['c50']
Forno Elétrico Oster 25L Prata,forno eletrico oster 25l prata,[],[],[],[],[],[],[],"Forno Elétrico Oster 25L Prata, Forno Elétrico","forno, oster, prata"," [forno, elétrico, oster, prata]"," I'm not sure what you are trying to say, but I can tell you for sure that the list is for Forno Oster's 25th anniversary."," 

- Forno
- Elétrico
- Oster
- 25L
- Prata
","['forno', '25l']"
Acqua Posto - Nig Brinquedos,acqua posto nig brinquedos,['brinquedos'],['brinquedos'],[],[],[],[],['brinquedos'],"Acqua Posto, Nig Brinquedos, Nig Brinquedos,","acqua, posto, nig"," ['Nig', 'Brinquedos']"," Do you know that the word ""Aqua"" means ""little water"" in Spanish?"," 

1. Acqua
2. Posto
3. Nig
4. Brinquedos
",['posto']
Película de vidro 3D Premium com bordas fibra de carbono para Apple iPhone 6 Plus (5.5) - Bordas Pre,pelicula vidro 3d premium bordas fibra carbono apple iphone 6 plus 5 5 bordas pre,"['vidro', 'premium', 'bordas']","['vidro', 'premium', 'plus']",[],"['vidro', 'premium', '6', 'plus', '5']",[],"['vidro', 'premium', '6', 'plus', '5']","['6', 'bordas', 'vidro', 'plus', '5', 'premium']","Apple iPhone 6 Plus, bordas fibra de carbono, bordas","carbono, pelcula, vidro",, Peluccio de vida de fibre de borde deluxe," 

1. Película de vidro 3D Premium
2. Bordas Pre
3. Apple iPhone 6 Plus (5.5)
4. Carbono
5. Fibra
6. Bordas
7. Pre
8. Premium
9. Vidro
10. 3D
11. Apple
12. 6
13. Plus
14. 5.5
15. Bordas
16. Carbono
17. Fibra
","['3d', 'premium', 'com', 'carbono', 'para', 'apple', 'iphone']"
Gerador De Energia À Gasolina 6000w 13hp Mg-6000cl Motomil,gerador energia gasolina 6000w 13hp mg 6000cl motomil,[],[],[],[],[],[],[],"Gasolina, Gasolina, Gasolina, Gasolina, Gasolina","energia, gerador, motomil"," [""Gasolina"", ""6000w"", ""13hp"", ""Mg-6000cl"", ""Motomil""]", Gerdor DeEgger DeENGiìs ," 

1. Gerador De Energia À Gasolina 6000w 13hp Mg-6000cl
2. Motomil
3. Gasolina
4. 6000w
5. 13hp
6. Mg-6000cl
7. Energia
8. À
9. Gasolina
10. 6000w
11. 13hp
12. Mg-6000cl
13. Energia
14. À
15.","['6000w', '13hp', '6000cl', 'motomil']"
"Compressor De Ar 2,0hp 24 Litros Tekna 127V",compressor ar 2 0hp 24 litros tekna 127v,['litros'],"['24', 'litros', '127v']",[],"['2', 'litros', '127v']",[],"['2', 'litros', '127v']","['24', '127v', 'litros', '2']","Compressor De Ar 2,0hp, Compressor De Ar 2,0hp","a, b, c, d, e, h, i, k, l, m, n, o, p, r, s, t, v"," {24,0,2,litros,2,0,hp,compressor,de,ar,tekna,127,v}"," I'm not sure what you are trying to say, but I do know that the word ""compressor"" means ""little armoured one"" in Italian."," 

1. Compressor
2. De Ar
3. 2,0hp
4. 24 Litros
5. Tekna
6. 127V
","['0hp', 'litros', '127v']"
Mini Boneca Supresa - LOL - Lil Outrageous Littles - Série 2 - Candide,mini boneca supresa lol lil outrageous littles serie 2 candide,"['mini', 'boneca', 'candide']","['mini', 'boneca']",[],"['mini', 'boneca', '2', 'candide']",[],"['mini', 'boneca', '2', 'candide']","['boneca', 'mini', '2', 'candide']","Little Boneca Supresa, Little Outrageous Littles, Little Boneca","list, littles, lil"," ['boneca', 'surpresa', 'lol', 'lil', 'littles', 'serie', '2']. I hope the algorithm that I have found can be improved."," I'm not sure what you are trying to say, but I do know that the word ""supreasa"" means ""super"" in Spanish."," 

- Mini Boneca Supresa
- LOL
- Lil Outrageous Littles
- Série 2
- Candide
",['mini']
Skate Street Semiprofissional Shaun White - Estampado,skate street semiprofissional shaun white estampado,[],['white'],[],[],[],[],['white'],"Shaun White, Shaun White, Shaun White, Shaun White, Shaun White","estampado, shaun, white"," [""Semiprofissional"", ""Shaun White"", ""Estampado"", ""Street"", ""Skate""]", Skateboarding has been around since the late 1960s and early 1970s.," 

1. Skate Street
2. Semiprofissional
3. Shaun White
4. Estampado
",['estampado']
Tenda Gazebo 3x3 M - Azul - Bel Fix,tenda gazebo 3x3 m azul bel fix,['azul'],['azul'],[],['azul'],[],['azul'],['azul'],"Gazebo 3x3 M, Bel Fix, Tenda Gazebo 3x","gazebo, fix, m"," tenda, azul, belfix"," Do you know that the word ""tenda"" means ""little armoured one"" in Spanish?"," 

- Tenda Gazebo 3x3 M
- Azul
- Bel Fix
","['gazebo', '3x3']"
Torneira Monocomando Baixa De Vidro Waterfall Cascata,torneira monocomando baixa vidro waterfall cascata,['vidro'],"['vidro', 'waterfall']",[],['vidro'],[],['vidro'],"['waterfall', 'vidro']","Torneira Monocomando Baixa De Vidro Waterfall Cascata,","cascata, cascade, waterfall"," [waterfall, cascade]"," Do you know that the word ""answer"" was first recorded in the 10th century?"," 

- Torneira
- Monocomando
- Baixa
- De
- Vidro
- Cascata
- Waterfall
","['torneira', 'monocomando']"
Mixer Britânia Mixer e Triturador de Alimentos 2 Preto 200W 2 Velocidades 1 Batedor 1 Mixer com Recipiente e Copo,mixer britania mixer triturador alimentos 2 preto 200w 2 velocidades 1 batedor 1 mixer recipiente copo,"['mixer', 'britania', 'preto', 'velocidades', 'batedor', 'copo']","['mixer', 'britania', 'preto']",['britania'],"['mixer', 'britania', '2', 'preto', 'velocidades', '1']",['britania'],"['mixer', 'britania', '2', 'preto', 'velocidades', '1']","['velocidades', 'britania', 'preto', 'copo', 'mixer', 'batedor', '1', '2']","Britânia, Mixer Britânia, Triturador de Alimentos","batedor, mixer, recipiente"," [""Britânia"", ""triturador""]."," Do you know that the word ""mixer"" was first recorded in the 10th century?"," 

1. Mixer
2. Britânia
3. Triturador de Alimentos
4. Preto
5. 200W
6. Velocidades
7. 1
8. Batedor
9. 1
10. Mixer com Recipiente e Copo
","['preto', '200w', 'batedor', 'com']"
Game Forza Motorsport 7 - Xbox One,game forza motorsport 7 xbox one,"['game', 'xbox']","['game', 'xbox']",['xbox'],"['game', '7']",['xbox'],"['game', '7']","['xbox', '7', 'game']","Forza Motorsport 7, Game Forza Motorsport 7, Game Forza Motorsport 7, Game For","forza, list, motorsport, xbox"," [""Forza"", ""Motorsport"", ""Xbox""], and is sorted based on the tf-idf value for each word", Game of Thrones: The Song of Ice and Fire is a series of fantasy novels by George R. R. Martin.," 

1. Game
2. Forza
3. Motorsport
4. 7
5. Xbox
6. One
7. Console
8. Play
9. Gameplay
10. Simulation
11. Racing
12. Driving
13. Virtual
14. World
15. Track
16. Circuit
17. Circuito
18. Circuito
19. Circuito
20. Circuito
21. Circuito
22. Circuito
23.","['forza', 'xbox']"
Batedeira Planetaria Philco Php500 Turbo Pr - Preto,batedeira planetaria philco php500 turbo pr preto,"['philco', 'turbo', 'preto']","['philco', 'turbo', 'pr', 'preto']",[],"['philco', 'turbo', 'preto']",[],"['philco', 'turbo', 'preto']","['preto', 'philco', 'turbo', 'pr']","Batedeira Planetaria Philco Php500 Turbo Pr, Php500 Turbo Pr,","preto, planetaria, philco"," Batedeira, Planetaria, Philco, Turbo, Pr, Preto", Philadelphia is the most populous city in the state of Pennsylvania," 

1. Planetaria
2. Philco
3. Turbo
4. Pr - Preto
","['batedeira', 'planetaria', 'philco', 'php500', 'preto']"
Whisky Ballantine's Finest - 1L,whisky ballantine s finest 1l,[],['whisky'],[],[],[],[],['whisky'],"Ballantine's Finest, Whisky Ballantine's Finest,","ballantine, finest, whisky"," {Whisky, Ballantine's, Finest}", Whiskey Ballet is one of the world's most influential ballet companies. ," 

1. Whisky
2. Ballantine's
3. Finest
",['1l']
"Tapetes De Sala Peludos 2,00x2,40 Cinza Mesclado Luxo, Felpudo.",tapetes sala peludos 2 00x2 40 cinza mesclado luxo felpudo,[],['40'],[],['2'],[],['2'],"['40', '2']","Felpudo, Tapetes De Sala Peludos, Tapetes De Sala Pel","cinza, peludo, tapete"," [luxo, felpudo]."," Do you know that the word ""tapete"" means ""little armoured one"" in Spanish?"," 

[Tapetes De Sala Peludos 2,00x2,40 Cinza Mesclado Luxo, Felpudo]

Explanation:
A frase ""Tapetes De Sala Peludos 2,00x2,40 Cinza Mesclado Luxo, Felpudo"" não contém nenhum texto español. Por isso, não há necessidade de traduzir","['00x2', 'luxo', 'felpudo']"
Carro Extreme c/ Rádio Controle 7 Funções 1:22 Azul - Candide,carro extreme c radio controle 7 funcoes 1 22 azul candide,"['controle', 'funcoes', 'azul', 'candide']","['controle', '22', 'azul']",[],"['c', 'controle', '7', '1', 'azul', 'candide']",[],"['c', 'controle', '7', '1', 'azul', 'candide']","['22', 'candide', '1', 'azul', '7', 'funcoes', 'controle', 'c']","Carro Extreme, Rádio Controle 7 Funções 1:22 Azul","controle, funçes, radio"," Carro, Extreme, Rádio, Controle, Candide, Azul.", Carro-Controlec is the third most common language spoken in the world.," 

1. Carro Extreme
2. Rádio Controle 7
3. Funções
4. 1:22
5. Azul
6. Candide
","['carro', 'extreme', 'controle']"
Cafeteira Italiana Em Inox  9 Xícaras Kehome,cafeteira italiana inox 9 xicaras kehome,"['cafeteira', 'italiana', 'inox', 'xicaras']","['cafeteira', 'italiana', 'xicaras']",['italiana'],"['cafeteira', 'italiana', 'inox', '9', 'xicaras']",['italiana'],"['cafeteira', 'italiana', 'inox', '9', 'xicaras']","['xicaras', '9', 'italiana', 'cafeteira', 'inox']","Kehome, Kehome, Kehome, Kehome, Kehome, Kehome, Ke","em, kehome, xcaras"," ['Cafeteira Italiana Em Inox', '9 Xícaras', 'Kehome']", Cafeteria Emira is an italian cuisine restaurant that was founded in 1904," 

1. Cafeteira Italiana
2. Em Inox
3. Xícaras
4. Kehome
",['cafeteira']
Boneco Falcon Turbocóptero - Estrela,boneco falcon turbocoptero estrela,[],[],[],[],[],[],[],"Boneco Falcon Turbocóptero, Estrela Answer, Bone",falcon estrela turbocóptero," [""Estrela"", ""Falcon"", ""Turbocóptero""]", Estrella is a fictional character from the 1940s and 1950s," 

- Boneco
- Falcon
- Turbocóptero
- Estrela
",[]
Fone Ouvido Sem Fio Favix B01 Bluetooth Fm Sd Card Fx-b01 Hi-Wi Mega Bass,fone ouvido fio favix b01 bluetooth fm sd card fx b01 hi wi mega bass,"['fone', 'ouvido', 'fio', 'bluetooth']","['fone', 'ouvido', 'fio', 'bluetooth', 'fm']","['fone', 'ouvido', 'fio', 'bluetooth', 'fm']","['fio', 'b01', 'bluetooth', 'fm', 'wi']","['fone', 'ouvido', 'fio', 'bluetooth', 'fm']","['fio', 'b01', 'bluetooth', 'fm', 'wi']","['fone', 'fm', 'b01', 'wi', 'fio', 'ouvido', 'bluetooth']","Favix B01, Favix B01, Favix B01, F","favix, fm, sd, fx-b01"," ['Fone'], ['Ouvido'], ['Sem'], ['Favix'], ['B01'], ['Bluetooth'], ['Fm'], ['Sd'], ['Card'], ['Fx-b01'], ['Hi-Wi'], ['Mega'], ['Bass']"," Hello, how are you doing today? I am doing well, thank you for asking. "," 

[Fone, Ouvido, Sem, Fio, Favix, B01, Bluetooth, Fm, Sd, Card, Fx-b01, Hi-Wi, Mega, Bass]

Explanation: A frase é baseada na palavra ""Bluetooth"", que é o nome do sistema de comunicação de fonte de bluetooth. A frase contém mais palavras que s","['b01', 'bluetooth', 'sd', 'card', 'mega']"
"Smartphone Samsung Galaxy J2 Prime TV Dual Chip Android 6.0 Tela 5"" Quad-Core 1.4 GHz 16GB 4G Câmera 8MP - Preto",smartphone samsung galaxy j2 prime tv dual chip android 6 0 tela 5 quad core 1 4 ghz 16gb 4g camera 8mp preto,"['smartphone', 'samsung', 'galaxy', 'prime', 'dual', 'chip', 'android', 'tela', 'quad', 'core', 'ghz', 'camera', 'preto']","['smartphone', 'samsung', 'galaxy', 'tv', 'dual', 'chip', 'android', 'camera', 'preto']",[],"['smartphone', 'samsung', 'galaxy', 'prime', 'tv', 'dual', 'chip', 'android', '6', '0', 'tela', '5', 'quad', 'core', '1', '4', '16gb', '4g', 'camera', '8mp', 'preto']",[],"['smartphone', 'samsung', 'galaxy', 'prime', 'tv', 'dual', 'chip', 'android', '6', '0', 'tela', '5', 'quad', 'core', '1', '4', '16gb', '4g', 'camera', '8mp', 'preto']","['galaxy', 'chip', 'prime', 'dual', 'android', '8mp', '0', '4', '4g', '6', 'smartphone', 'quad', 'camera', 'samsung', 'tv', '1', 'tela', 'ghz', 'preto', '5', '16gb', 'core']","Android 6.0 Tela, Smartphone, Smartphone Smartphon","chip, ghz, tela"," ['Samsung', 'Galaxy', 'J2', 'Prime', 'TV', 'Dual', 'Chip', 'Android', '6.0', 'Tela', '5', 'Quad-Core', '1.4', 'GHz', '16GB', '4G', 'Câmera', '8MP', 'Preto']"," Do you have a smartphone? I have a Samsung smartphone, and I love it!"," 

- Smartphone
- Samsung
- Galaxy
- J2
- Prime
- TV
- Dual
- Chip
- Android
- 6.0
- Tela
- 5""
- Quad-Core
- 1.4 GHz
- 16GB
- 4G
- Câmera
- 8MP
- Preto
","['smartphone', 'samsung', 'galaxy', 'tv', 'chip', 'android', 'tela', 'quad', 'core', 'ghz', '16gb', '4g', '8mp', 'preto']"
Cafeteira Expresso Mondial Espresso Coffee Cream C-08 Preta 15 Bar,cafeteira expresso mondial espresso coffee cream c 08 preta 15 bar,"['cafeteira', 'preta']","['cafeteira', 'preta']",[],"['cafeteira', 'c', 'preta']",[],"['cafeteira', 'c', 'preta']","['cafeteira', 'preta', 'c']","coffee, coffee, coffee, coffee cream,","bar, coffee, cream, expresso, preta"," ['Cafeteira', 'Expresso', 'Espresso', 'Coffee', 'cream', 'C-08', 'Preta', '15', 'Bar']", Do you like coffee? It's my favorite drink. I love the caffeine in it.," 

Cafeteira, Expresso, Espresso, Coffee, Cream, C-08, Preta, 15, Bar.
","['cafeteira', 'expresso', 'mondial', 'espresso']"
Pen Drive 32GB Sandisk Ultra Dual Drive USB 3.0 - Preto,pen drive 32gb sandisk ultra dual drive usb 3 0 preto,"['pen', 'drive', 'ultra', 'dual', 'usb', 'preto']","['pen', 'drive', 'ultra', 'dual', 'usb', 'preto']",[],"['32gb', 'ultra', 'dual', 'usb', '3', '0', 'preto']",[],"['32gb', 'ultra', 'dual', 'usb', '3', '0', 'preto']","['ultra', 'drive', '0', 'pen', 'preto', 'usb', '32gb', 'dual', '3']","Sandisk Ultra Dual Drive USB 3.0, Sandisk Ultra Dual Drive","drive, pen, sandisk, usb"," [32gb, pen, sandisk, ultra, drive, usb, 3.0, preto]."," Do you know that the word ""preto"" means ""little armoured one"" in Italian?"," 

- Pen Drive
- 32GB
- Sandisk
- Ultra
- Dual
- Drive
- USB
- 3.0
- Preto
","['pen', '32gb', 'sandisk', 'ultra', 'usb', 'preto']"
"Smartphone Samsung Galaxy J1 Mini Dual Chip Android 5.1 Tela 4"" 8GB 3G Wi-Fi Câmera 5MP - Preto",smartphone samsung galaxy j1 mini dual chip android 5 1 tela 4 8gb 3g wi fi camera 5mp preto,"['smartphone', 'samsung', 'galaxy', 'mini', 'dual', 'chip', 'android', 'tela', 'camera', 'preto']","['smartphone', 'samsung', 'galaxy', 'mini', 'dual', 'chip', 'android', 'camera', 'preto']",[],"['smartphone', 'samsung', 'galaxy', 'mini', 'dual', 'chip', 'android', '5', '1', 'tela', '4', '8gb', 'wi', 'fi', 'camera', '5mp', 'preto']",[],"['smartphone', 'samsung', 'galaxy', 'mini', 'dual', 'chip', 'android', '5', '1', 'tela', '4', '8gb', 'wi', 'fi', 'camera', '5mp', 'preto']","['8gb', '4', 'smartphone', '5mp', 'preto', 'camera', 'samsung', 'galaxy', 'chip', '1', '5', 'wi', 'mini', 'dual', 'android', 'fi', 'tela']","Android 5.1 Tela 4"" 8GB 3G Wi-Fi Câmera","chip, tela, samsung"," [Samsung Galaxy J1 Mini, Android 5.1, Samsung, Tela, 4G, 4G LTE, Samsung Galaxy J1 Mini, Samsung, Tela, 4G LTE, Samsung Galaxy J1 Mini, Samsung, Tela, 4G, Samsung Galaxy J1 Mini, Samsung, Tela, Android 5.1, Samsung Galaxy J1 Mini, Samsung, Tela, 4G LTE, Samsung Galaxy J1 Mini, Samsung, Tela, 4G LTE, Samsung Galaxy J1 Mini, Samsung, Tela, Android 5.1, Samsung Galaxy J1 Mini, Samsung, Tela, 4G, Samsung Galaxy J1 Mini, Samsung, Tela, 4G LTE, Samsung Galaxy J1 Mini, Samsung, Tela, 4G LTE, Samsung Galaxy J1 Mini, Samsung, Tela, Android 5.1, Samsung Galaxy J1 Mini, Samsung, Tela, 4G, Samsung Galaxy J1 Mini, Samsung, Tela, 4G LTE, Samsung Galaxy J1 Mini, Samsung, Tela, 4G LTE, Samsung Galaxy J1 Mini, Samsung, Tela, Android 5.1, Samsung Galaxy J1 Mini, Samsung, Tela, 4G LTE, Samsung Galaxy J1 Mini, Samsung, Tela, 4G, Samsung Galaxy J1 Mini, Samsung, Tela, 4G LTE, Samsung Galaxy J1 Mini, Samsung, Tela, Android 5.1, Samsung Galaxy J1 Mini, Samsung, Tela, 4G LTE, Samsung Galaxy J1 Mini, Samsung, Tela, 4G LTE, Samsung Galaxy J1 Mini, Samsung, Tela, Android 5.1, Samsung Galaxy J1 Mini, Samsung, Tela, 4G, Samsung Galaxy J1 Mini, Samsung, Tela, 4G LTE, Samsung Galaxy J1 Mini, Samsung, Tela, 4G LTE, Samsung Galaxy J1 Mini, Samsung, Tela, Android 5.1, Samsung Galaxy J1 Mini, Samsung, Tela, 4G LTE, Samsung Galaxy J1 Mini, Samsung, Tela, 4G LTE, Samsung Galaxy J1 Mini, Samsung, Tela, Android 5.1, Samsung Galaxy J1 Mini, Samsung, Tela, 4G, Samsung Galaxy J1 Mini, Samsung, Tela, 4G LTE, Samsung Galaxy J1 Mini, Samsung, Tela, 4G LTE, Samsung Galaxy J1 Mini, Samsung, Tela, Android 5.1, Samsung Galaxy J1 Mini, Samsung, Tela, 4G LTE, Samsung Galaxy J1 Mini, Samsung, Tela, 4G LTE, Samsung Galaxy", I'm not sure what you are trying to say.  What is the list?," 

- Smartphone
- Samsung
- Galaxy
- J1
- Mini
- Dual
- Chip
- Android
- 5.1
- Tela
- 4""
- 8GB
- 3G
- Wi-Fi
- Câmera
- 5MP
- Preto
","['smartphone', 'samsung', 'galaxy', 'mini', 'chip', 'android', 'tela', '8gb', '3g', '5mp', 'preto']"
Robô Aspirador de Pó Ropo Glass Limpeza Programável com Controle Remoto Preto,robo aspirador po ropo glass limpeza programavel controle remoto preto,"['aspirador', 'limpeza', 'controle', 'remoto', 'preto']","['aspirador', 'po', 'limpeza', 'controle', 'preto']",[],"['limpeza', 'controle', 'preto']",[],"['limpeza', 'controle', 'preto']","['limpeza', 'preto', 'controle', 'aspirador', 'po', 'remoto']","application, phrase, remoto preto","aspirador, controle, remoto, ropo",," Robotics is the science and technology of designing, developing, and testing automobiles."," 

1. Robô Aspirador de Pó Ropo
2. Limpeza Preta
3. Programável
4. Controle Remoto
5. Preto
","['aspirador', 'ropo', 'com', 'controle', 'remoto', 'preto']"
Modelador de Cachos - Preto,modelador cachos preto,['preto'],['preto'],[],['preto'],[],['preto'],['preto'],"Modelador de Cachos, Modelador de Cachos, Modelador","cacho, modelador, preto"," ['black', 'curls', 'hair']", Pretos are a brand of cheese-flavored cornmeal snacks manufactured by PepsiCo.," 

1. Modelador de Cachos
2. Preto
","['modelador', 'preto']"
Protetor De Sofá Manu Para 2 E 3 Lugares Dupla Face Tecido Microfibra - Caqui/Marrom,protetor sofa manu 2 3 lugares dupla face tecido microfibra caqui marrom,[],[],[],"['2', '3']",[],"['2', '3']","['2', '3']","Caqui/Marrom, Protetor De Sofá Manu Para 2 E 3","face, lugares, protector"," [protetor, sofá, manu, lugar, dupla, face, tecido, microfibra]"," I'm not sure what you mean by ""The list"" but I do know that the word ""answer"" was first recorded in the 10th century."," 

1. Protetor De Sofá Manu Para 2 E 3 Lugares Dupla Face Tecido Microfibra - Caqui/Marrom
2. Caqui/Marrom
3. Lugares Dupla Face Tecido Microfibra - Caqui/Marrom
4. Caqui/Marrom
5. Caqui/Marrom
6. Caqui/Marrom
7. Caqui/Mar","['protetor', 'para', 'tecido']"
Capa De Banco Para Moto Termica Impermeavel Ventilada Motocicleta Cor Preta (Q-80150 ),capa banco moto termica impermeavel ventilada motocicleta cor preta q 80150,"['capa', 'moto', 'preta']","['capa', 'moto', 'preta']",[],"['capa', 'moto', 'preta']",[],"['capa', 'moto', 'preta']","['capa', 'moto', 'preta']","Capa De Banco Para Motocicleta Cor Preta, Capa De Banco","capa, moto, termica"," "" black, ventilated, motorcycle, thermal, impermeable, capa, bank, for, moto, """," Do you know the meaning of the word ""Capa"" which means ""little armoured one"" in Spanish?"," 

[Capa de banco, Moto termica, Impermeavel, Ventilada, Motocicleta, Cor preta]
","['banco', 'para', 'moto', 'termica', 'motocicleta', '80150']"
Purificador de Água Polar WP1000B/WP2000B Eletrônico Branco,purificador agua polar wp1000b wp2000b eletronico branco,"['purificador', 'agua', 'eletronico', 'branco']","['purificador', 'agua', 'wp1000b', 'wp2000b', 'branco']","['purificador', 'agua', 'eletronico']","['purificador', 'agua', 'eletronico', 'branco']","['purificador', 'agua', 'eletronico']","['purificador', 'agua', 'eletronico', 'branco']","['purificador', 'agua', 'branco', 'eletronico', 'wp2000b', 'wp1000b']","agua polar, engineering, engineering, eng","agua, purificador, polar"," polar, water, polar, electronic, white", The Purple Rain is a great movie. It was directed by Steven Spielberg and starring Daniel Day-Lewis.," 

1. Purificador de Água Polar WP1000B/WP2000B
2. Eletrônico Branco
","['purificador', 'wp1000b', 'wp2000b']"
